batch_id,script_sha,ts,cell,view,run,q,http,kind,value,text,sql,request_id
zg-2026-10-08,c1c6f7f,2026-10-08T17:58:31+00:00,P1,BASE,1,direct SQL,,sql,ERR 100051 (22012): Division by zero,,SELECT * FROM SEMANTIC_VIEW(MISSION_OS_DB.TRUST_DEMO_DEV.TRUST_DEMO_SV METRICS conversion_rate WHERE sessions.channel = 'partner' AND sessions.session_date >= '2026-01-01' AND sessions.session_date <= '2026-01-31'),
zg-2026-10-08,c1c6f7f,2026-10-08T17:58:31+00:00,P2,BASE,1,direct SQL,,sql,EMPTY,,SELECT * FROM SEMANTIC_VIEW(MISSION_OS_DB.TRUST_DEMO_DEV.TRUST_DEMO_SV DIMENSIONS sessions.channel METRICS conversion_rate WHERE sessions.channel = 'partner' AND sessions.session_date >= '2026-01-01' AND sessions.session_date <= '2026-01-31'),
zg-2026-10-08,c1c6f7f,2026-10-08T17:58:31+00:00,P3,BASE,1,direct SQL,,sql,"(0, 0)",,"SELECT * FROM SEMANTIC_VIEW(MISSION_OS_DB.TRUST_DEMO_DEV.TRUST_DEMO_SV METRICS bookings.bookings, sessions.session_count WHERE sessions.channel = 'partner' AND sessions.session_date >= '2026-01-01' AND sessions.session_date <= '2026-01-31')",
zg-2026-10-08,c1c6f7f,2026-10-08T17:58:35+00:00,q06,BASE,1,What was the booking conversion rate for the partner channel in January 2026?,200,sql,EMPTY,"This is our interpretation of your question: What was the booking conversion rate for the partner channel in January 2026? Booking conversion rate is defined as the number of confirmed bookings divided by the number of sessions, for sessions in the partner channel during January 2026.",SELECT * FROM SEMANTIC_VIEW( MISSION_OS_DB.TRUST_DEMO_DEV.TRUST_DEMO_SV METRICS CONVERSION_RATE DIMENSIONS sessions.channel WHERE sessions.channel = 'partner' AND sessions.session_date >= '2026-01-01' AND sessions.session_date < '2026-02-01' ) -- Generated by Cortex Analyst (request_id: f9169f27-88e4-429a-8f80-94018e6e2a79) ;,f9169f27-88e4-429a-8f80-94018e6e2a79
zg-2026-10-08,c1c6f7f,2026-10-08T17:58:40+00:00,q06,BASE,2,What was the booking conversion rate for the partner channel in January 2026?,200,sql,EMPTY,"This is our interpretation of your question: What was the booking conversion rate for the partner channel in January 2026? Conversion rate is defined as the number of confirmed bookings divided by the number of sessions, for sessions from the 'partner' channel in January 2026.",SELECT * FROM SEMANTIC_VIEW( MISSION_OS_DB.TRUST_DEMO_DEV.TRUST_DEMO_SV METRICS CONVERSION_RATE DIMENSIONS sessions.channel WHERE sessions.channel = 'partner' AND sessions.session_date >= '2026-01-01' AND sessions.session_date < '2026-02-01' ) -- Generated by Cortex Analyst (request_id: aa375129-fed5-42e0-b8a2-6f49fbb9ff1e) ;,aa375129-fed5-42e0-b8a2-6f49fbb9ff1e
zg-2026-10-08,c1c6f7f,2026-10-08T17:58:45+00:00,q06,BASE,3,What was the booking conversion rate for the partner channel in January 2026?,200,sql,EMPTY,"This is our interpretation of your question: What was the booking conversion rate for the partner channel in January 2026? Conversion rate is defined as the number of confirmed bookings divided by the number of sessions, for sessions from the 'partner' channel in January 2026. We join sessions to bookings to link sessions to their resulting bookings.",SELECT * FROM SEMANTIC_VIEW( MISSION_OS_DB.TRUST_DEMO_DEV.TRUST_DEMO_SV METRICS CONVERSION_RATE DIMENSIONS sessions.channel WHERE sessions.channel = 'partner' AND sessions.session_date >= '2026-01-01' AND sessions.session_date < '2026-02-01' ) -- Generated by Cortex Analyst (request_id: 9b578632-f4ca-42db-9b26-7f9709f5adfd) ;,9b578632-f4ca-42db-9b26-7f9709f5adfd
zg-2026-10-08,c1c6f7f,2026-10-08T17:58:49+00:00,q06,BASE,4,What was the booking conversion rate for the partner channel in January 2026?,200,sql,EMPTY,"This is our interpretation of your question: What was the booking conversion rate for the partner channel in January 2026? Booking conversion rate is defined as the number of confirmed bookings divided by the number of sessions, for sessions in the partner channel during January 2026.",SELECT * FROM SEMANTIC_VIEW( MISSION_OS_DB.TRUST_DEMO_DEV.TRUST_DEMO_SV METRICS CONVERSION_RATE DIMENSIONS sessions.channel WHERE sessions.channel = 'partner' AND sessions.session_date >= '2026-01-01' AND sessions.session_date < '2026-02-01' ) -- Generated by Cortex Analyst (request_id: 0227c5d8-b7d7-4df5-ba9a-5dfbbecdd9ff) ;,0227c5d8-b7d7-4df5-ba9a-5dfbbecdd9ff
zg-2026-10-08,c1c6f7f,2026-10-08T17:58:53+00:00,q06,BASE,5,What was the booking conversion rate for the partner channel in January 2026?,200,sql,EMPTY,"This is our interpretation of your question: What was the booking conversion rate for the partner channel in January 2026? Booking conversion rate is defined as the number of confirmed bookings divided by the number of sessions, for sessions in the partner channel during January 2026.",SELECT * FROM SEMANTIC_VIEW( MISSION_OS_DB.TRUST_DEMO_DEV.TRUST_DEMO_SV METRICS CONVERSION_RATE DIMENSIONS sessions.channel WHERE sessions.channel = 'partner' AND sessions.session_date >= '2026-01-01' AND sessions.session_date < '2026-02-01' ) -- Generated by Cortex Analyst (request_id: d112d309-0c8b-4f3b-82e5-3975a44d3c01) ;,d112d309-0c8b-4f3b-82e5-3975a44d3c01
zg-2026-10-08,c1c6f7f,2026-10-08T17:58:57+00:00,q06,BASE,6,What was the booking conversion rate for the partner channel in January 2026?,200,sql,EMPTY,"This is our interpretation of your question: What was the booking conversion rate for the partner channel in January 2026? Booking conversion rate is defined as the number of confirmed bookings divided by the number of sessions, for sessions from the 'partner' channel in January 2026.",SELECT * FROM SEMANTIC_VIEW( MISSION_OS_DB.TRUST_DEMO_DEV.TRUST_DEMO_SV METRICS CONVERSION_RATE DIMENSIONS sessions.channel WHERE sessions.channel = 'partner' AND sessions.session_date >= '2026-01-01' AND sessions.session_date < '2026-02-01' ) -- Generated by Cortex Analyst (request_id: 22960c6f-1591-4f05-9c10-2893b725f871) ;,22960c6f-1591-4f05-9c10-2893b725f871
zg-2026-10-08,c1c6f7f,2026-10-08T17:59:01+00:00,q06,BASE,7,What was the booking conversion rate for the partner channel in January 2026?,200,sql,EMPTY,"This is our interpretation of your question: What was the booking conversion rate for the partner channel in January 2026? Booking conversion rate is defined as the number of confirmed bookings divided by the number of sessions, for sessions from the 'partner' channel in January 2026.",SELECT * FROM SEMANTIC_VIEW( MISSION_OS_DB.TRUST_DEMO_DEV.TRUST_DEMO_SV METRICS CONVERSION_RATE DIMENSIONS sessions.channel WHERE sessions.channel = 'partner' AND sessions.session_date >= '2026-01-01' AND sessions.session_date < '2026-02-01' ) -- Generated by Cortex Analyst (request_id: 9418349c-ddcc-4000-af3d-90df064a8e77) ;,9418349c-ddcc-4000-af3d-90df064a8e77
zg-2026-10-08,c1c6f7f,2026-10-08T17:59:05+00:00,q06,BASE,8,What was the booking conversion rate for the partner channel in January 2026?,200,sql,EMPTY,"This is our interpretation of your question: What was the booking conversion rate for the partner channel in January 2026? Booking conversion rate is defined as the number of confirmed bookings divided by the number of sessions, for sessions in the partner channel during January 2026.",SELECT * FROM SEMANTIC_VIEW( MISSION_OS_DB.TRUST_DEMO_DEV.TRUST_DEMO_SV METRICS CONVERSION_RATE DIMENSIONS sessions.channel WHERE sessions.channel = 'partner' AND sessions.session_date >= '2026-01-01' AND sessions.session_date < '2026-02-01' ) -- Generated by Cortex Analyst (request_id: 0487f2b4-d544-453e-a3b8-003f610ac4dc) ;,0487f2b4-d544-453e-a3b8-003f610ac4dc
zg-2026-10-08,c1c6f7f,2026-10-08T17:59:10+00:00,q06,BASE,9,What was the booking conversion rate for the partner channel in January 2026?,200,sql,EMPTY,"This is our interpretation of your question: What was the booking conversion rate for the partner channel in January 2026? Booking conversion rate is defined as the number of confirmed bookings divided by the number of sessions, for sessions from the 'partner' channel in January 2026.",SELECT * FROM SEMANTIC_VIEW( MISSION_OS_DB.TRUST_DEMO_DEV.TRUST_DEMO_SV METRICS CONVERSION_RATE DIMENSIONS sessions.channel WHERE sessions.channel = 'partner' AND sessions.session_date >= '2026-01-01' AND sessions.session_date < '2026-02-01' ) -- Generated by Cortex Analyst (request_id: 76207fd6-13a2-4337-ae4e-f68e107a7843) ;,76207fd6-13a2-4337-ae4e-f68e107a7843
zg-2026-10-08,c1c6f7f,2026-10-08T17:59:14+00:00,q06,BASE,10,What was the booking conversion rate for the partner channel in January 2026?,200,sql,EMPTY,"This is our interpretation of your question: What was the booking conversion rate for the partner channel in January 2026? Booking conversion rate is defined as the number of confirmed bookings divided by the number of sessions, for sessions in the partner channel during January 2026.",SELECT * FROM SEMANTIC_VIEW( MISSION_OS_DB.TRUST_DEMO_DEV.TRUST_DEMO_SV METRICS CONVERSION_RATE DIMENSIONS sessions.channel WHERE sessions.channel = 'partner' AND sessions.session_date >= '2026-01-01' AND sessions.session_date < '2026-02-01' ) -- Generated by Cortex Analyst (request_id: a1dab2d0-279f-41bc-a7f2-5ed99c022c46) ;,a1dab2d0-279f-41bc-a7f2-5ed99c022c46
zg-2026-10-08,c1c6f7f,2026-10-08T17:59:18+00:00,q06,BASE,11,What was the booking conversion rate for the partner channel in January 2026?,200,sql,EMPTY,"This is our interpretation of your question: What was the booking conversion rate for the partner channel in January 2026? Booking conversion rate is defined as the number of confirmed bookings divided by the number of sessions, for sessions in the partner channel during January 2026.",SELECT * FROM SEMANTIC_VIEW( MISSION_OS_DB.TRUST_DEMO_DEV.TRUST_DEMO_SV METRICS CONVERSION_RATE DIMENSIONS sessions.channel WHERE sessions.channel = 'partner' AND sessions.session_date >= '2026-01-01' AND sessions.session_date < '2026-02-01' ) -- Generated by Cortex Analyst (request_id: 9e2add07-745f-4d84-94b2-2b23cd344ec0) ;,9e2add07-745f-4d84-94b2-2b23cd344ec0
zg-2026-10-08,c1c6f7f,2026-10-08T17:59:22+00:00,q06,BASE,12,What was the booking conversion rate for the partner channel in January 2026?,200,sql,EMPTY,"This is our interpretation of your question: What was the booking conversion rate for the partner channel in January 2026? Booking conversion rate is defined as the number of confirmed bookings divided by the number of sessions, for sessions in the partner channel during January 2026.",SELECT * FROM SEMANTIC_VIEW( MISSION_OS_DB.TRUST_DEMO_DEV.TRUST_DEMO_SV METRICS CONVERSION_RATE DIMENSIONS sessions.channel WHERE sessions.channel = 'partner' AND sessions.session_date >= '2026-01-01' AND sessions.session_date < '2026-02-01' ) -- Generated by Cortex Analyst (request_id: 4e761182-fb44-4579-b122-668742ef7513) ;,4e761182-fb44-4579-b122-668742ef7513
zg-2026-10-08,c1c6f7f,2026-10-08T17:59:27+00:00,q06,BASE,13,What was the booking conversion rate for the partner channel in January 2026?,200,sql,EMPTY,"This is our interpretation of your question: What was the booking conversion rate for the partner channel in January 2026? Conversion rate is defined as the number of confirmed bookings divided by the number of sessions, for sessions from the 'partner' channel in January 2026. We join sessions to bookings to link sessions to their resulting bookings.",SELECT * FROM SEMANTIC_VIEW( MISSION_OS_DB.TRUST_DEMO_DEV.TRUST_DEMO_SV METRICS CONVERSION_RATE DIMENSIONS sessions.channel WHERE sessions.channel = 'partner' AND sessions.session_date >= '2026-01-01' AND sessions.session_date < '2026-02-01' ) -- Generated by Cortex Analyst (request_id: c5044fd5-6c31-4d73-bb22-093fb72cc965) ;,c5044fd5-6c31-4d73-bb22-093fb72cc965
zg-2026-10-08,c1c6f7f,2026-10-08T17:59:32+00:00,q06,BASE,14,What was the booking conversion rate for the partner channel in January 2026?,200,sql,EMPTY,"This is our interpretation of your question: What was the booking conversion rate for the partner channel in January 2026? Booking conversion rate is defined as the number of confirmed bookings divided by the number of sessions, for sessions from the 'partner' channel in January 2026.",SELECT * FROM SEMANTIC_VIEW( MISSION_OS_DB.TRUST_DEMO_DEV.TRUST_DEMO_SV METRICS CONVERSION_RATE DIMENSIONS sessions.channel WHERE sessions.channel = 'partner' AND sessions.session_date >= '2026-01-01' AND sessions.session_date < '2026-02-01' ) -- Generated by Cortex Analyst (request_id: 6336ceff-dc24-4cf0-9ca8-a7f3830a32b2) ;,6336ceff-dc24-4cf0-9ca8-a7f3830a32b2
zg-2026-10-08,c1c6f7f,2026-10-08T17:59:37+00:00,q06,BASE,15,What was the booking conversion rate for the partner channel in January 2026?,200,sql,EMPTY,"This is our interpretation of your question: What was the booking conversion rate for the partner channel in January 2026? Conversion rate is defined as the number of confirmed bookings divided by the number of sessions, for sessions from the 'partner' channel in January 2026.",SELECT * FROM SEMANTIC_VIEW( MISSION_OS_DB.TRUST_DEMO_DEV.TRUST_DEMO_SV METRICS CONVERSION_RATE DIMENSIONS sessions.channel WHERE sessions.channel = 'partner' AND sessions.session_date >= '2026-01-01' AND sessions.session_date < '2026-02-01' ) -- Generated by Cortex Analyst (request_id: a47f60da-ca6c-4ccf-953c-564997855bc9) ;,a47f60da-ca6c-4ccf-953c-564997855bc9
zg-2026-10-08,c1c6f7f,2026-10-08T17:59:42+00:00,q06,BASE,16,What was the booking conversion rate for the partner channel in January 2026?,200,sql,EMPTY,"This is our interpretation of your question: What was the booking conversion rate for the partner channel in January 2026? Conversion rate is defined as the number of confirmed bookings divided by the number of sessions, for sessions from the 'partner' channel in January 2026.",SELECT * FROM SEMANTIC_VIEW( MISSION_OS_DB.TRUST_DEMO_DEV.TRUST_DEMO_SV METRICS CONVERSION_RATE DIMENSIONS sessions.channel WHERE sessions.channel = 'partner' AND sessions.session_date >= '2026-01-01' AND sessions.session_date < '2026-02-01' ) -- Generated by Cortex Analyst (request_id: d6b5e428-5b9e-432f-89fc-2af74f8995dc) ;,d6b5e428-5b9e-432f-89fc-2af74f8995dc
zg-2026-10-08,c1c6f7f,2026-10-08T17:59:46+00:00,q06,BASE,17,What was the booking conversion rate for the partner channel in January 2026?,200,sql,EMPTY,"This is our interpretation of your question: What was the booking conversion rate for the partner channel in January 2026? Booking conversion rate is defined as the number of confirmed bookings divided by the number of sessions, for sessions in the partner channel during January 2026.",SELECT * FROM SEMANTIC_VIEW( MISSION_OS_DB.TRUST_DEMO_DEV.TRUST_DEMO_SV METRICS CONVERSION_RATE DIMENSIONS sessions.channel WHERE sessions.channel = 'partner' AND sessions.session_date >= '2026-01-01' AND sessions.session_date < '2026-02-01' ) -- Generated by Cortex Analyst (request_id: 94cc94f1-4ebb-4206-9231-5a2ccdc2024a) ;,94cc94f1-4ebb-4206-9231-5a2ccdc2024a
zg-2026-10-08,c1c6f7f,2026-10-08T17:59:50+00:00,q06,BASE,18,What was the booking conversion rate for the partner channel in January 2026?,200,sql,EMPTY,"This is our interpretation of your question: What was the booking conversion rate for the partner channel in January 2026? Booking conversion rate is defined as the number of confirmed bookings divided by the number of sessions, for sessions in the partner channel during January 2026.",SELECT * FROM SEMANTIC_VIEW( MISSION_OS_DB.TRUST_DEMO_DEV.TRUST_DEMO_SV METRICS CONVERSION_RATE DIMENSIONS sessions.channel WHERE sessions.channel = 'partner' AND sessions.session_date >= '2026-01-01' AND sessions.session_date < '2026-02-01' ) -- Generated by Cortex Analyst (request_id: ccbcf5f5-222b-416d-8f84-d4f22f5318ef) ;,ccbcf5f5-222b-416d-8f84-d4f22f5318ef
zg-2026-10-08,c1c6f7f,2026-10-08T17:59:55+00:00,q06,BASE,19,What was the booking conversion rate for the partner channel in January 2026?,200,sql,EMPTY,"This is our interpretation of your question: What was the booking conversion rate for the partner channel in January 2026? Booking conversion rate is defined as the number of confirmed bookings divided by the number of sessions, for sessions from the 'partner' channel in January 2026.",SELECT * FROM SEMANTIC_VIEW( MISSION_OS_DB.TRUST_DEMO_DEV.TRUST_DEMO_SV METRICS CONVERSION_RATE DIMENSIONS sessions.channel WHERE sessions.channel = 'partner' AND sessions.session_date >= '2026-01-01' AND sessions.session_date < '2026-02-01' ) -- Generated by Cortex Analyst (request_id: cf72e04b-24c3-4599-8b7e-7f26284b3886) ;,cf72e04b-24c3-4599-8b7e-7f26284b3886
zg-2026-10-08,c1c6f7f,2026-10-08T17:59:59+00:00,q06,BASE,20,What was the booking conversion rate for the partner channel in January 2026?,200,sql,EMPTY,"This is our interpretation of your question: What was the booking conversion rate for the partner channel in January 2026? Booking conversion rate is defined as the number of confirmed bookings divided by the number of sessions, for sessions in the partner channel during January 2026.",SELECT * FROM SEMANTIC_VIEW( MISSION_OS_DB.TRUST_DEMO_DEV.TRUST_DEMO_SV METRICS CONVERSION_RATE DIMENSIONS sessions.channel WHERE sessions.channel = 'partner' AND sessions.session_date >= '2026-01-01' AND sessions.session_date < '2026-02-01' ) -- Generated by Cortex Analyst (request_id: 616784b0-1f78-4821-a434-9bc40bcd08bb) ;,616784b0-1f78-4821-a434-9bc40bcd08bb
zg-2026-10-08,c1c6f7f,2026-10-08T18:00:05+00:00,control,BASE,1,What was total revenue in Q1 2026?,200,sql,"(Decimal('6983.00'),)","This is our interpretation of your question: What was the total revenue (sum of amount for confirmed bookings) in Q1 2026 (January 1, 2026 to March 31, 2026)?",SELECT * FROM SEMANTIC_VIEW( MISSION_OS_DB.TRUST_DEMO_DEV.TRUST_DEMO_SV METRICS revenue WHERE bookings.booking_date >= '2026-01-01' AND bookings.booking_date <= '2026-03-31' ) -- Generated by Cortex Analyst (request_id: 52b50cab-fd4c-41bc-b143-1d6c2d3201b7) ;,52b50cab-fd4c-41bc-b143-1d6c2d3201b7
zg-2026-10-08,c1c6f7f,2026-10-08T18:00:09+00:00,control,BASE,2,What was total revenue in Q1 2026?,200,sql,"(Decimal('6983.00'),)","This is our interpretation of your question: What was the total revenue (sum of confirmed booking amounts) in Q1 2026 (January 1, 2026 to March 31, 2026)?",SELECT * FROM SEMANTIC_VIEW( MISSION_OS_DB.TRUST_DEMO_DEV.TRUST_DEMO_SV METRICS revenue WHERE bookings.booking_date >= '2026-01-01' AND bookings.booking_date < '2026-04-01' ) -- Generated by Cortex Analyst (request_id: d44a8c70-2a34-4ec0-9bfd-2a2be59e623e) ;,d44a8c70-2a34-4ec0-9bfd-2a2be59e623e
zg-2026-10-08,c1c6f7f,2026-10-08T18:00:13+00:00,control,BASE,3,What was total revenue in Q1 2026?,200,sql,"(Decimal('6983.00'),)","This is our interpretation of your question: What was the total revenue (sum of confirmed booking amounts) in Q1 2026 (January 1, 2026 to March 31, 2026)?",SELECT * FROM SEMANTIC_VIEW( MISSION_OS_DB.TRUST_DEMO_DEV.TRUST_DEMO_SV METRICS revenue WHERE bookings.booking_date >= '2026-01-01' AND bookings.booking_date <= '2026-03-31' ) -- Generated by Cortex Analyst (request_id: 6deaf226-1214-4e8d-bdf1-f582393510a1) ;,6deaf226-1214-4e8d-bdf1-f582393510a1
zg-2026-10-08,c1c6f7f,2026-10-08T18:00:17+00:00,control,BASE,4,What was total revenue in Q1 2026?,200,sql,"(Decimal('6983.00'),)","This is our interpretation of your question: What was total revenue (sum of amount for confirmed bookings) in Q1 2026 (January 1, 2026 to March 31, 2026)?",SELECT * FROM SEMANTIC_VIEW( MISSION_OS_DB.TRUST_DEMO_DEV.TRUST_DEMO_SV METRICS revenue WHERE bookings.booking_date >= '2026-01-01' AND bookings.booking_date <= '2026-03-31' ) -- Generated by Cortex Analyst (request_id: 49895a11-da59-4ef5-b997-2ab7b9f47399) ;,49895a11-da59-4ef5-b997-2ab7b9f47399
zg-2026-10-08,c1c6f7f,2026-10-08T18:00:22+00:00,control,BASE,5,What was total revenue in Q1 2026?,200,sql,"(Decimal('6983.00'),)","This is our interpretation of your question: What was total revenue (sum of amount for confirmed bookings) in Q1 2026 (January 1, 2026 to March 31, 2026)?",SELECT * FROM SEMANTIC_VIEW( MISSION_OS_DB.TRUST_DEMO_DEV.TRUST_DEMO_SV METRICS revenue WHERE bookings.booking_date >= '2026-01-01' AND bookings.booking_date < '2026-04-01' ) -- Generated by Cortex Analyst (request_id: 1f89e093-155f-4aa7-a18b-fa6c9687f54f) ;,1f89e093-155f-4aa7-a18b-fa6c9687f54f
zg-2026-10-08,c1c6f7f,2026-10-08T18:00:22+00:00,P1,GUARDED,1,direct SQL,,sql,"(None,)",,SELECT * FROM SEMANTIC_VIEW(MISSION_OS_DB.TRUST_DEMO_DEV.TRUST_DEMO_SV_ZG METRICS conversion_rate WHERE sessions.channel = 'partner' AND sessions.session_date >= '2026-01-01' AND sessions.session_date <= '2026-01-31'),
zg-2026-10-08,c1c6f7f,2026-10-08T18:00:23+00:00,P2,GUARDED,1,direct SQL,,sql,EMPTY,,SELECT * FROM SEMANTIC_VIEW(MISSION_OS_DB.TRUST_DEMO_DEV.TRUST_DEMO_SV_ZG DIMENSIONS sessions.channel METRICS conversion_rate WHERE sessions.channel = 'partner' AND sessions.session_date >= '2026-01-01' AND sessions.session_date <= '2026-01-31'),
zg-2026-10-08,c1c6f7f,2026-10-08T18:00:23+00:00,P3,GUARDED,1,direct SQL,,sql,"(0, 0)",,"SELECT * FROM SEMANTIC_VIEW(MISSION_OS_DB.TRUST_DEMO_DEV.TRUST_DEMO_SV_ZG METRICS bookings.bookings, sessions.session_count WHERE sessions.channel = 'partner' AND sessions.session_date >= '2026-01-01' AND sessions.session_date <= '2026-01-31')",
zg-2026-10-08,c1c6f7f,2026-10-08T18:00:27+00:00,q06,GUARDED,1,What was the booking conversion rate for the partner channel in January 2026?,200,sql,EMPTY,"This is our interpretation of your question: What was the booking conversion rate for the partner channel in January 2026? Booking conversion rate is defined as the number of confirmed bookings divided by the number of sessions, for sessions in the partner channel during January 2026.",SELECT * FROM SEMANTIC_VIEW( MISSION_OS_DB.TRUST_DEMO_DEV.TRUST_DEMO_SV_ZG METRICS CONVERSION_RATE DIMENSIONS sessions.channel WHERE sessions.channel = 'partner' AND sessions.session_date >= '2026-01-01' AND sessions.session_date < '2026-02-01' ) -- Generated by Cortex Analyst (request_id: d08f624d-3f2b-4b1a-9f6e-fbf225de328f) ;,d08f624d-3f2b-4b1a-9f6e-fbf225de328f
zg-2026-10-08,c1c6f7f,2026-10-08T18:00:33+00:00,q06,GUARDED,2,What was the booking conversion rate for the partner channel in January 2026?,200,sql,EMPTY,"This is our interpretation of your question: What was the booking conversion rate for the partner channel in January 2026? Booking conversion rate is defined as the number of confirmed bookings divided by the number of sessions, for sessions in the partner channel during January 2026.",SELECT * FROM SEMANTIC_VIEW( MISSION_OS_DB.TRUST_DEMO_DEV.TRUST_DEMO_SV_ZG METRICS CONVERSION_RATE DIMENSIONS sessions.channel WHERE sessions.channel = 'partner' AND sessions.session_date >= '2026-01-01' AND sessions.session_date < '2026-02-01' AND bookings.booking_date >= '2026-01-01' AND bookings.booking_date < '2026-02-01' ) -- Generated by Cortex Analyst (request_id: 289d8c24-a081-45f9-9c85-fb9dffec96b7) ;,289d8c24-a081-45f9-9c85-fb9dffec96b7
zg-2026-10-08,c1c6f7f,2026-10-08T18:00:39+00:00,q06,GUARDED,3,What was the booking conversion rate for the partner channel in January 2026?,200,sql,EMPTY,"This is our interpretation of your question: What was the booking conversion rate for the partner channel in January 2026? Booking conversion rate is defined as the number of confirmed bookings divided by the number of sessions, for sessions from the 'partner' channel in January 2026.",SELECT * FROM SEMANTIC_VIEW( MISSION_OS_DB.TRUST_DEMO_DEV.TRUST_DEMO_SV_ZG METRICS CONVERSION_RATE DIMENSIONS sessions.channel WHERE sessions.channel = 'partner' AND sessions.session_date >= '2026-01-01' AND sessions.session_date < '2026-02-01' AND bookings.booking_date >= '2026-01-01' AND bookings.booking_date < '2026-02-01' ) -- Generated by Cortex Analyst (request_id: 040df638-6f80-4dec-80f2-0a62fb4ddfa0) ;,040df638-6f80-4dec-80f2-0a62fb4ddfa0
zg-2026-10-08,c1c6f7f,2026-10-08T18:00:43+00:00,q06,GUARDED,4,What was the booking conversion rate for the partner channel in January 2026?,200,sql,EMPTY,"This is our interpretation of your question: What was the booking conversion rate for the partner channel in January 2026? Booking conversion rate is defined as the number of confirmed bookings divided by the number of sessions, for sessions from the 'partner' channel in January 2026.",SELECT * FROM SEMANTIC_VIEW( MISSION_OS_DB.TRUST_DEMO_DEV.TRUST_DEMO_SV_ZG METRICS CONVERSION_RATE DIMENSIONS sessions.channel WHERE sessions.channel = 'partner' AND sessions.session_date >= '2026-01-01' AND sessions.session_date < '2026-02-01' ) -- Generated by Cortex Analyst (request_id: b6305fca-c958-4c67-a425-e3201188e22b) ;,b6305fca-c958-4c67-a425-e3201188e22b
zg-2026-10-08,c1c6f7f,2026-10-08T18:00:48+00:00,q06,GUARDED,5,What was the booking conversion rate for the partner channel in January 2026?,200,sql,EMPTY,"This is our interpretation of your question: What was the booking conversion rate for the partner channel in January 2026? Booking conversion rate is defined as the number of confirmed bookings divided by the number of sessions, for sessions from the 'partner' channel in January 2026.",SELECT * FROM SEMANTIC_VIEW( MISSION_OS_DB.TRUST_DEMO_DEV.TRUST_DEMO_SV_ZG METRICS CONVERSION_RATE DIMENSIONS sessions.channel WHERE sessions.channel = 'partner' AND sessions.session_date >= '2026-01-01' AND sessions.session_date < '2026-02-01' ) -- Generated by Cortex Analyst (request_id: 444c6e0f-1700-4415-875c-01dcc02b9646) ;,444c6e0f-1700-4415-875c-01dcc02b9646
zg-2026-10-08,c1c6f7f,2026-10-08T18:00:53+00:00,q06,GUARDED,6,What was the booking conversion rate for the partner channel in January 2026?,200,sql,EMPTY,"This is our interpretation of your question: What was the booking conversion rate for the partner channel in January 2026? Booking conversion rate is defined as the number of confirmed bookings divided by the number of sessions, for sessions from the 'partner' channel in January 2026.",SELECT * FROM SEMANTIC_VIEW( MISSION_OS_DB.TRUST_DEMO_DEV.TRUST_DEMO_SV_ZG METRICS CONVERSION_RATE DIMENSIONS sessions.channel WHERE sessions.channel = 'partner' AND sessions.session_date >= '2026-01-01' AND sessions.session_date < '2026-02-01' ) -- Generated by Cortex Analyst (request_id: 64284eab-f3ee-4efe-b887-63dde085d640) ;,64284eab-f3ee-4efe-b887-63dde085d640
zg-2026-10-08,c1c6f7f,2026-10-08T18:00:57+00:00,q06,GUARDED,7,What was the booking conversion rate for the partner channel in January 2026?,200,sql,EMPTY,"This is our interpretation of your question: What was the booking conversion rate for the partner channel in January 2026? Booking conversion rate is defined as the number of confirmed bookings divided by the number of sessions, for sessions from the 'partner' channel in January 2026.",SELECT * FROM SEMANTIC_VIEW( MISSION_OS_DB.TRUST_DEMO_DEV.TRUST_DEMO_SV_ZG METRICS CONVERSION_RATE DIMENSIONS sessions.channel WHERE sessions.channel = 'partner' AND sessions.session_date >= '2026-01-01' AND sessions.session_date < '2026-02-01' ) -- Generated by Cortex Analyst (request_id: cc115fac-6f68-494a-8ec6-0633b603238e) ;,cc115fac-6f68-494a-8ec6-0633b603238e
zg-2026-10-08,c1c6f7f,2026-10-08T18:01:02+00:00,q06,GUARDED,8,What was the booking conversion rate for the partner channel in January 2026?,200,sql,EMPTY,"This is our interpretation of your question: What was the booking conversion rate for the partner channel in January 2026? Booking conversion rate is defined as the number of confirmed bookings divided by the number of sessions, for sessions from the 'partner' channel in January 2026.",SELECT * FROM SEMANTIC_VIEW( MISSION_OS_DB.TRUST_DEMO_DEV.TRUST_DEMO_SV_ZG METRICS CONVERSION_RATE DIMENSIONS sessions.channel WHERE sessions.channel = 'partner' AND sessions.session_date >= '2026-01-01' AND sessions.session_date < '2026-02-01' AND bookings.booking_date >= '2026-01-01' AND bookings.booking_date < '2026-02-01' ) -- Generated by Cortex Analyst (request_id: 67de509b-5ba3-467f-8f7f-9b4939bbe1c0) ;,67de509b-5ba3-467f-8f7f-9b4939bbe1c0
zg-2026-10-08,c1c6f7f,2026-10-08T18:01:06+00:00,q06,GUARDED,9,What was the booking conversion rate for the partner channel in January 2026?,200,sql,EMPTY,"This is our interpretation of your question: What was the booking conversion rate for the partner channel in January 2026? Booking conversion rate is defined as the number of confirmed bookings divided by the number of sessions, for sessions in the partner channel during January 2026.",SELECT * FROM SEMANTIC_VIEW( MISSION_OS_DB.TRUST_DEMO_DEV.TRUST_DEMO_SV_ZG METRICS CONVERSION_RATE DIMENSIONS sessions.channel WHERE sessions.channel = 'partner' AND sessions.session_date >= '2026-01-01' AND sessions.session_date < '2026-02-01' ) -- Generated by Cortex Analyst (request_id: b40ec1b0-cc4a-4cb4-b221-5d6874103aed) ;,b40ec1b0-cc4a-4cb4-b221-5d6874103aed
zg-2026-10-08,c1c6f7f,2026-10-08T18:01:11+00:00,q06,GUARDED,10,What was the booking conversion rate for the partner channel in January 2026?,200,sql,EMPTY,"This is our interpretation of your question: What was the booking conversion rate for the partner channel in January 2026? Booking conversion rate is defined as the number of confirmed bookings divided by the number of sessions, for sessions from the 'partner' channel in January 2026.",SELECT * FROM SEMANTIC_VIEW( MISSION_OS_DB.TRUST_DEMO_DEV.TRUST_DEMO_SV_ZG METRICS CONVERSION_RATE DIMENSIONS sessions.channel WHERE sessions.channel = 'partner' AND sessions.session_date >= '2026-01-01' AND sessions.session_date < '2026-02-01' ) -- Generated by Cortex Analyst (request_id: a6b086cf-1e5b-4d12-8a4b-386aeb7c89a1) ;,a6b086cf-1e5b-4d12-8a4b-386aeb7c89a1
zg-2026-10-08,c1c6f7f,2026-10-08T18:01:15+00:00,q06,GUARDED,11,What was the booking conversion rate for the partner channel in January 2026?,200,sql,EMPTY,"This is our interpretation of your question: What was the booking conversion rate for the partner channel in January 2026? Conversion rate is defined as the number of confirmed bookings divided by the number of sessions, for sessions in the partner channel during January 2026. Bookings are attributed to a session via the session_id join.",SELECT * FROM SEMANTIC_VIEW( MISSION_OS_DB.TRUST_DEMO_DEV.TRUST_DEMO_SV_ZG METRICS CONVERSION_RATE DIMENSIONS sessions.channel WHERE sessions.channel = 'partner' AND sessions.session_date >= '2026-01-01' AND sessions.session_date < '2026-02-01' AND bookings.booking_date >= '2026-01-01' AND bookings.booking_date < '2026-02-01' ) -- Generated by Cortex Analyst (request_id: e5c3497f-d734-496e-9cc5-989d56150a8e) ;,e5c3497f-d734-496e-9cc5-989d56150a8e
zg-2026-10-08,c1c6f7f,2026-10-08T18:01:19+00:00,q06,GUARDED,12,What was the booking conversion rate for the partner channel in January 2026?,200,sql,EMPTY,"This is our interpretation of your question: What was the booking conversion rate for the partner channel in January 2026? Booking conversion rate is defined as the number of confirmed bookings divided by the number of sessions, for sessions from the 'partner' channel in January 2026.",SELECT * FROM SEMANTIC_VIEW( MISSION_OS_DB.TRUST_DEMO_DEV.TRUST_DEMO_SV_ZG METRICS CONVERSION_RATE DIMENSIONS sessions.channel WHERE sessions.channel = 'partner' AND sessions.session_date >= '2026-01-01' AND sessions.session_date < '2026-02-01' AND bookings.booking_date >= '2026-01-01' AND bookings.booking_date < '2026-02-01' ) -- Generated by Cortex Analyst (request_id: 2d31d431-3cdb-42c8-bdbd-cafe40066498) ;,2d31d431-3cdb-42c8-bdbd-cafe40066498
zg-2026-10-08,c1c6f7f,2026-10-08T18:01:25+00:00,q06,GUARDED,13,What was the booking conversion rate for the partner channel in January 2026?,200,sql,EMPTY,"This is our interpretation of your question: What was the booking conversion rate for the partner channel in January 2026? Booking conversion rate is defined as the number of confirmed bookings divided by the number of sessions, for sessions from the 'partner' channel in January 2026. We join sessions to bookings to link sessions to their resulting bookings.",SELECT * FROM SEMANTIC_VIEW( MISSION_OS_DB.TRUST_DEMO_DEV.TRUST_DEMO_SV_ZG METRICS CONVERSION_RATE DIMENSIONS sessions.channel WHERE sessions.channel = 'partner' AND sessions.session_date >= '2026-01-01' AND sessions.session_date < '2026-02-01' ) -- Generated by Cortex Analyst (request_id: f40a023d-a321-4d7e-b280-30d76fa268c7) ;,f40a023d-a321-4d7e-b280-30d76fa268c7
zg-2026-10-08,c1c6f7f,2026-10-08T18:01:30+00:00,q06,GUARDED,14,What was the booking conversion rate for the partner channel in January 2026?,200,sql,EMPTY,"This is our interpretation of your question: What was the booking conversion rate for the partner channel in January 2026? Conversion rate is defined as the number of confirmed bookings divided by the number of sessions, for sessions from the 'partner' channel in January 2026.",SELECT * FROM SEMANTIC_VIEW( MISSION_OS_DB.TRUST_DEMO_DEV.TRUST_DEMO_SV_ZG METRICS CONVERSION_RATE DIMENSIONS sessions.channel WHERE sessions.channel = 'partner' AND sessions.session_date >= '2026-01-01' AND sessions.session_date < '2026-02-01' ) -- Generated by Cortex Analyst (request_id: 137fa596-e9de-46bb-9f51-c21fda780ffc) ;,137fa596-e9de-46bb-9f51-c21fda780ffc
zg-2026-10-08,c1c6f7f,2026-10-08T18:01:34+00:00,q06,GUARDED,15,What was the booking conversion rate for the partner channel in January 2026?,200,sql,EMPTY,"This is our interpretation of your question: What was the booking conversion rate for the partner channel in January 2026? Booking conversion rate is defined as the number of confirmed bookings divided by the number of sessions, for sessions from the 'partner' channel in January 2026.",SELECT * FROM SEMANTIC_VIEW( MISSION_OS_DB.TRUST_DEMO_DEV.TRUST_DEMO_SV_ZG METRICS CONVERSION_RATE DIMENSIONS sessions.channel WHERE sessions.channel = 'partner' AND sessions.session_date >= '2026-01-01' AND sessions.session_date < '2026-02-01' AND bookings.booking_date >= '2026-01-01' AND bookings.booking_date < '2026-02-01' ) -- Generated by Cortex Analyst (request_id: 5afa3564-9e43-41c1-bdef-f2f484d86113) ;,5afa3564-9e43-41c1-bdef-f2f484d86113
zg-2026-10-08,c1c6f7f,2026-10-08T18:01:38+00:00,q06,GUARDED,16,What was the booking conversion rate for the partner channel in January 2026?,200,sql,EMPTY,"This is our interpretation of your question: What was the booking conversion rate for the partner channel in January 2026? Booking conversion rate is defined as the number of confirmed bookings divided by the number of sessions, for sessions from the 'partner' channel in January 2026.",SELECT * FROM SEMANTIC_VIEW( MISSION_OS_DB.TRUST_DEMO_DEV.TRUST_DEMO_SV_ZG METRICS CONVERSION_RATE DIMENSIONS sessions.channel WHERE sessions.channel = 'partner' AND sessions.session_date >= '2026-01-01' AND sessions.session_date < '2026-02-01' ) -- Generated by Cortex Analyst (request_id: 96bea9cf-10ca-4049-bebf-5e9ecaffc7f6) ;,96bea9cf-10ca-4049-bebf-5e9ecaffc7f6
zg-2026-10-08,c1c6f7f,2026-10-08T18:01:42+00:00,q06,GUARDED,17,What was the booking conversion rate for the partner channel in January 2026?,200,sql,EMPTY,"This is our interpretation of your question: What was the booking conversion rate for the partner channel in January 2026? Booking conversion rate is defined as the number of confirmed bookings divided by the number of sessions, for sessions from the 'partner' channel in January 2026.",SELECT * FROM SEMANTIC_VIEW( MISSION_OS_DB.TRUST_DEMO_DEV.TRUST_DEMO_SV_ZG METRICS CONVERSION_RATE DIMENSIONS sessions.channel WHERE sessions.channel = 'partner' AND sessions.session_date >= '2026-01-01' AND sessions.session_date < '2026-02-01' AND bookings.booking_date >= '2026-01-01' AND bookings.booking_date < '2026-02-01' ) -- Generated by Cortex Analyst (request_id: 4e65bd77-8d36-421d-b63a-e0ade275b7c1) ;,4e65bd77-8d36-421d-b63a-e0ade275b7c1
zg-2026-10-08,c1c6f7f,2026-10-08T18:01:47+00:00,q06,GUARDED,18,What was the booking conversion rate for the partner channel in January 2026?,200,sql,EMPTY,"This is our interpretation of your question: What was the booking conversion rate for the partner channel in January 2026? Booking conversion rate is defined as the number of confirmed bookings divided by the number of sessions, for sessions from the 'partner' channel in January 2026.",SELECT * FROM SEMANTIC_VIEW( MISSION_OS_DB.TRUST_DEMO_DEV.TRUST_DEMO_SV_ZG METRICS CONVERSION_RATE DIMENSIONS sessions.channel WHERE sessions.channel = 'partner' AND sessions.session_date >= '2026-01-01' AND sessions.session_date < '2026-02-01' ) -- Generated by Cortex Analyst (request_id: 445fcebb-97da-48e0-ba2a-1a3fc764d1cf) ;,445fcebb-97da-48e0-ba2a-1a3fc764d1cf
zg-2026-10-08,c1c6f7f,2026-10-08T18:01:52+00:00,q06,GUARDED,19,What was the booking conversion rate for the partner channel in January 2026?,200,sql,EMPTY,"This is our interpretation of your question: What was the booking conversion rate for the partner channel in January 2026? Booking conversion rate is defined as the number of confirmed bookings divided by the number of sessions, for sessions from the 'partner' channel in January 2026. We join sessions to bookings to link sessions to their resulting bookings.",SELECT * FROM SEMANTIC_VIEW( MISSION_OS_DB.TRUST_DEMO_DEV.TRUST_DEMO_SV_ZG METRICS CONVERSION_RATE DIMENSIONS sessions.channel WHERE sessions.channel = 'partner' AND sessions.session_date >= '2026-01-01' AND sessions.session_date < '2026-02-01' ) -- Generated by Cortex Analyst (request_id: 773d0800-d6d3-403b-b115-2c7d0c317f42) ;,773d0800-d6d3-403b-b115-2c7d0c317f42
zg-2026-10-08,c1c6f7f,2026-10-08T18:01:56+00:00,q06,GUARDED,20,What was the booking conversion rate for the partner channel in January 2026?,200,sql,EMPTY,"This is our interpretation of your question: What was the booking conversion rate for the partner channel in January 2026? Booking conversion rate is defined as the number of confirmed bookings divided by the number of sessions, for sessions from the 'partner' channel in January 2026. We join sessions to bookings to link sessions to their resulting bookings.",SELECT * FROM SEMANTIC_VIEW( MISSION_OS_DB.TRUST_DEMO_DEV.TRUST_DEMO_SV_ZG METRICS CONVERSION_RATE DIMENSIONS sessions.channel WHERE sessions.channel = 'partner' AND sessions.session_date >= '2026-01-01' AND sessions.session_date < '2026-02-01' AND bookings.booking_date >= '2026-01-01' AND bookings.booking_date < '2026-02-01' ) -- Generated by Cortex Analyst (request_id: 84a5c1e0-603d-48e5-98a1-64b54f75392f) ;,84a5c1e0-603d-48e5-98a1-64b54f75392f
zg-2026-10-08,c1c6f7f,2026-10-08T18:02:00+00:00,control,GUARDED,1,What was total revenue in Q1 2026?,200,sql,"(Decimal('6983.00'),)","This is our interpretation of your question: What was the total revenue (sum of amount for confirmed bookings) in Q1 2026 (January 1, 2026 to March 31, 2026)?",SELECT * FROM SEMANTIC_VIEW( MISSION_OS_DB.TRUST_DEMO_DEV.TRUST_DEMO_SV_ZG METRICS revenue WHERE bookings.booking_date >= '2026-01-01' AND bookings.booking_date <= '2026-03-31' ) -- Generated by Cortex Analyst (request_id: d2f52ee0-1185-4d8b-b472-c40717fc28df) ;,d2f52ee0-1185-4d8b-b472-c40717fc28df
zg-2026-10-08,c1c6f7f,2026-10-08T18:02:04+00:00,control,GUARDED,2,What was total revenue in Q1 2026?,200,sql,"(Decimal('6983.00'),)","This is our interpretation of your question: What was the total revenue (sum of amount for confirmed bookings) in Q1 2026 (January 1, 2026 to March 31, 2026)?",SELECT * FROM SEMANTIC_VIEW( MISSION_OS_DB.TRUST_DEMO_DEV.TRUST_DEMO_SV_ZG METRICS revenue WHERE bookings.booking_date >= '2026-01-01' AND bookings.booking_date <= '2026-03-31' ) -- Generated by Cortex Analyst (request_id: 49a0ed03-fad3-4aff-af0e-acce1ee25195) ;,49a0ed03-fad3-4aff-af0e-acce1ee25195
zg-2026-10-08,c1c6f7f,2026-10-08T18:02:08+00:00,control,GUARDED,3,What was total revenue in Q1 2026?,200,sql,"(Decimal('6983.00'),)","This is our interpretation of your question: What was the total revenue (sum of amount for confirmed bookings) in Q1 2026 (January 1, 2026 to March 31, 2026)?",SELECT * FROM SEMANTIC_VIEW( MISSION_OS_DB.TRUST_DEMO_DEV.TRUST_DEMO_SV_ZG METRICS revenue WHERE bookings.booking_date >= '2026-01-01' AND bookings.booking_date <= '2026-03-31' ) -- Generated by Cortex Analyst (request_id: 6b70a4a6-edba-492a-815d-14774d490d47) ;,6b70a4a6-edba-492a-815d-14774d490d47
zg-2026-10-08,c1c6f7f,2026-10-08T18:02:12+00:00,control,GUARDED,4,What was total revenue in Q1 2026?,200,sql,"(Decimal('6983.00'),)","This is our interpretation of your question: What was the total revenue (sum of amount for confirmed bookings) in Q1 2026 (January 1, 2026 to March 31, 2026)?",SELECT * FROM SEMANTIC_VIEW( MISSION_OS_DB.TRUST_DEMO_DEV.TRUST_DEMO_SV_ZG METRICS revenue WHERE bookings.booking_date >= '2026-01-01' AND bookings.booking_date <= '2026-03-31' ) -- Generated by Cortex Analyst (request_id: 1a8ce7d3-7832-4a39-b9a2-1f44aa5ea41d) ;,1a8ce7d3-7832-4a39-b9a2-1f44aa5ea41d
zg-2026-10-08,c1c6f7f,2026-10-08T18:02:17+00:00,control,GUARDED,5,What was total revenue in Q1 2026?,200,sql,"(Decimal('6983.00'),)","This is our interpretation of your question: What was the total revenue (sum of amount for confirmed bookings) in Q1 2026 (January 1, 2026 to March 31, 2026)?",SELECT * FROM SEMANTIC_VIEW( MISSION_OS_DB.TRUST_DEMO_DEV.TRUST_DEMO_SV_ZG METRICS revenue WHERE bookings.booking_date >= '2026-01-01' AND bookings.booking_date <= '2026-03-31' ) -- Generated by Cortex Analyst (request_id: c148ec8e-2f50-4570-844b-15661cdb6f0a) ;,c148ec8e-2f50-4570-844b-15661cdb6f0a
