booking_id,user_id,session_id,booking_date,amount,status
B00001,U0002,S00001,2026-04-29,87.00,confirmed
B00002,U0002,S00005,2026-05-05,87.00,confirmed
B00003,U0003,S00023,2026-03-01,58.00,confirmed
B00004,U0003,S00030,2026-04-15,29.00,confirmed
B00005,U0007,S00053,2026-06-16,58.00,confirmed
B00006,U0009,S00077,2026-01-30,79.00,confirmed
B00007,U0010,S00087,2026-06-15,29.00,confirmed
B00008,U0010,S00089,2026-02-24,29.00,confirmed
B00009,U0010,S00090,2026-02-02,87.00,confirmed
B00010,U0010,S00095,2026-01-07,29.00,confirmed
B00011,U0013,S00102,2026-06-16,158.00,confirmed
B00012,U0013,S00117,2026-05-15,79.00,cancelled
B00013,U0014,S00128,2026-02-27,29.00,confirmed
B00014,U0015,S00144,2026-06-12,79.00,confirmed
B00015,U0015,S00149,2026-06-30,79.00,confirmed
B00016,U0018,S00171,2026-04-01,158.00,confirmed
B00017,U0019,S00184,2026-06-23,79.00,cancelled
B00018,U0021,S00196,2026-05-30,29.00,confirmed
B00019,U0021,S00197,2026-06-25,29.00,confirmed
B00020,U0022,S00209,2026-02-05,158.00,confirmed
B00021,U0023,S00211,2026-06-25,79.00,confirmed
B00022,U0024,S00233,2026-01-22,237.00,confirmed
B00023,U0024,S00234,2026-05-10,158.00,cancelled
B00024,U0024,S00239,2026-03-27,237.00,confirmed
B00025,U0024,S00243,2026-01-17,79.00,cancelled
B00026,U0025,S00246,2026-05-02,29.00,confirmed
B00027,U0025,S00252,2026-01-22,87.00,confirmed
B00028,U0025,S00257,2026-03-31,29.00,confirmed
B00029,U0025,S00262,2026-02-06,29.00,confirmed
B00030,U0026,S00280,2026-06-08,87.00,confirmed
B00031,U0028,S00300,2026-01-08,87.00,confirmed
B00032,U0028,S00313,2026-02-06,58.00,confirmed
B00033,U0029,S00318,2026-03-20,378.00,confirmed
B00034,U0029,S00326,2026-05-22,567.00,confirmed
B00035,U0030,S00332,2026-06-20,29.00,confirmed
B00036,U0032,S00364,2026-06-04,29.00,confirmed
B00037,U0032,S00369,2026-06-10,87.00,confirmed
B00038,U0033,S00380,2026-03-16,237.00,confirmed
B00039,U0037,S00411,2026-04-27,158.00,confirmed
B00040,U0039,S00420,2026-05-09,87.00,cancelled
B00041,U0041,S00439,2026-05-05,567.00,confirmed
B00042,U0045,S00482,2026-05-04,87.00,confirmed
B00043,U0046,S00502,2026-02-15,79.00,confirmed
B00044,U0047,S00514,2026-06-09,237.00,confirmed
B00045,U0047,S00515,2026-04-17,79.00,confirmed
B00046,U0047,S00522,2026-03-30,237.00,cancelled
B00047,U0051,S00572,2026-05-31,29.00,confirmed
B00048,U0054,S00600,2026-06-13,29.00,confirmed
B00049,U0054,S00605,2026-04-27,29.00,confirmed
B00050,U0057,S00632,2026-04-18,29.00,confirmed
B00051,U0058,S00635,2026-05-08,29.00,confirmed
B00052,U0058,S00649,2026-06-19,29.00,confirmed
B00053,U0059,S00653,2026-04-24,79.00,confirmed
B00054,U0059,S00655,2026-02-28,79.00,cancelled
B00055,U0060,S00657,2026-06-29,237.00,cancelled
B00056,U0062,S00676,2026-06-28,29.00,cancelled
B00057,U0063,S00680,2026-06-29,87.00,confirmed
B00058,U0063,S00681,2026-02-09,29.00,confirmed
B00059,U0063,S00685,2026-04-22,29.00,confirmed
B00060,U0065,S00699,2026-05-11,29.00,confirmed
B00061,U0066,S00708,2026-06-08,58.00,cancelled
B00062,U0070,S00734,2026-05-27,29.00,confirmed
B00063,U0071,S00740,2026-03-17,29.00,cancelled
B00064,U0071,S00743,2026-04-02,29.00,confirmed
B00065,U0071,S00746,2026-06-28,87.00,confirmed
B00066,U0071,S00750,2026-04-26,87.00,confirmed
B00067,U0072,S00752,2026-05-03,58.00,cancelled
B00068,U0074,S00771,2026-02-14,29.00,confirmed
B00069,U0074,S00775,2026-02-15,29.00,confirmed
B00070,U0076,S00793,2026-01-28,58.00,confirmed
B00071,U0077,S00810,2026-06-07,29.00,confirmed
B00072,U0081,S00847,2026-02-06,29.00,confirmed
B00073,U0081,S00860,2026-05-15,29.00,confirmed
B00074,U0084,S00883,2026-02-12,189.00,confirmed
B00075,U0088,S00912,2026-06-23,87.00,confirmed
B00076,U0088,S00914,2026-06-29,29.00,confirmed
B00077,U0088,S00923,2026-05-14,29.00,confirmed
B00078,U0089,S00927,2026-05-17,29.00,confirmed
B00079,U0089,S00928,2026-06-17,29.00,confirmed
B00080,U0091,S00939,2026-05-05,58.00,confirmed
B00081,U0091,S00950,2026-04-10,29.00,confirmed
B00082,U0093,S00971,2026-05-23,29.00,confirmed
B00083,U0093,S00974,2026-03-26,29.00,confirmed
B00084,U0093,S00977,2026-05-27,58.00,confirmed
B00085,U0095,S00979,2026-06-08,237.00,cancelled
B00086,U0096,S00990,2026-04-06,29.00,confirmed
B00087,U0102,S01047,2026-05-08,87.00,confirmed
B00088,U0102,S01059,2026-06-11,29.00,confirmed
B00089,U0102,S01061,2026-06-22,29.00,confirmed
B00090,U0103,S01064,2026-01-19,29.00,cancelled
B00091,U0103,S01066,2026-03-06,29.00,confirmed
B00092,U0103,S01070,2026-06-14,87.00,cancelled
B00093,U0103,S01073,2026-03-19,58.00,confirmed
B00094,U0106,S01112,2026-05-21,79.00,confirmed
B00095,U0107,S01117,2026-06-15,58.00,confirmed
B00096,U0107,S01130,2026-06-15,29.00,confirmed
B00097,U0108,S01137,2026-04-30,189.00,cancelled
B00098,U0111,S01154,2026-06-07,87.00,confirmed
B00099,U0112,S01184,2026-04-22,79.00,confirmed
B00100,U0113,S01193,2026-01-01,29.00,confirmed
B00101,U0115,S01199,2026-04-14,29.00,confirmed
B00102,U0117,S01221,2026-06-18,237.00,confirmed
B00103,U0118,S01225,2026-06-26,58.00,confirmed
B00104,U0121,S01261,2026-05-20,29.00,confirmed
B00105,U0122,S01269,2026-01-29,378.00,confirmed
B00106,U0122,S01275,2026-02-05,189.00,confirmed
B00107,U0125,S01291,2026-03-22,79.00,confirmed
B00108,U0126,S01304,2026-01-09,189.00,cancelled
B00109,U0127,S01319,2026-04-12,29.00,confirmed
B00110,U0127,S01324,2026-06-10,29.00,confirmed
B00111,U0128,S01344,2026-05-14,79.00,confirmed
B00112,U0128,S01346,2026-02-19,158.00,confirmed
B00113,U0129,S01355,2026-01-19,29.00,confirmed
B00114,U0132,S01369,2026-06-15,29.00,confirmed
B00115,U0132,S01374,2026-04-01,29.00,confirmed
B00116,U0133,S01381,2026-05-28,29.00,confirmed
B00117,U0134,S01385,2026-06-11,87.00,cancelled
B00118,U0136,S01400,2026-04-28,158.00,confirmed
B00119,U0138,S01415,2026-06-19,29.00,cancelled
B00120,U0138,S01416,2026-02-21,29.00,cancelled
B00121,U0138,S01423,2026-06-02,29.00,confirmed
B00122,U0138,S01427,2026-04-11,29.00,confirmed
B00123,U0139,S01432,2026-04-11,58.00,confirmed
B00124,U0140,S01450,2026-02-14,158.00,cancelled
B00125,U0140,S01456,2026-03-31,158.00,confirmed
B00126,U0144,S01479,2026-06-30,58.00,confirmed
B00127,U0145,S01497,2026-04-09,29.00,confirmed
B00128,U0147,S01518,2026-06-14,79.00,confirmed
B00129,U0147,S01522,2026-06-22,79.00,confirmed
B00130,U0149,S01541,2026-04-05,29.00,confirmed
B00131,U0149,S01545,2026-05-19,58.00,confirmed
B00132,U0150,S01551,2026-05-14,29.00,confirmed
B00133,U0150,S01554,2026-06-18,29.00,confirmed
B00134,U0151,S01564,2026-06-19,79.00,confirmed
B00135,U0153,S01586,2026-05-27,79.00,confirmed
B00136,U0154,S01605,2026-05-21,87.00,confirmed
B00137,U0155,S01613,2026-05-09,79.00,confirmed
B00138,U0156,S01637,2026-05-07,58.00,confirmed
B00139,U0156,S01639,2026-04-02,58.00,cancelled
B00140,U0157,S01642,2026-03-12,29.00,confirmed
B00141,U0158,S01656,2026-02-07,58.00,confirmed
B00142,U0160,S01671,2026-01-07,87.00,confirmed
B00143,U0163,S01688,2026-03-08,29.00,confirmed
B00144,U0163,S01689,2026-03-06,58.00,confirmed
B00145,U0164,S01692,2026-06-13,58.00,confirmed
B00146,U0164,S01709,2026-06-16,29.00,confirmed
B00147,U0166,S01717,2026-06-16,79.00,confirmed
B00148,U0166,S01721,2026-06-07,79.00,confirmed
B00149,U0167,S01731,2026-01-05,79.00,confirmed
B00150,U0168,S01745,2026-02-10,79.00,confirmed
B00151,U0169,S01766,2026-06-30,87.00,confirmed
B00152,U0171,S01773,2026-05-01,87.00,confirmed
B00153,U0173,S01785,2026-05-22,378.00,confirmed
B00154,U0174,S01799,2026-04-23,79.00,confirmed
B00155,U0174,S01804,2026-06-09,79.00,confirmed
B00156,U0176,S01843,2026-05-12,567.00,confirmed
B00157,U0177,S01851,2026-06-20,58.00,confirmed
B00158,U0177,S01857,2026-05-07,87.00,confirmed
B00159,U0178,S01868,2026-05-06,79.00,confirmed
B00160,U0179,S01877,2026-06-13,79.00,confirmed
B00161,U0181,S01899,2026-04-19,58.00,confirmed
B00162,U0182,S01902,2026-03-06,29.00,confirmed
B00163,U0184,S01931,2026-01-27,29.00,confirmed
B00164,U0188,S01962,2026-06-09,79.00,confirmed
B00165,U0188,S01964,2026-06-17,79.00,confirmed
B00166,U0188,S01965,2026-06-04,79.00,confirmed
B00167,U0188,S01969,2026-06-18,158.00,confirmed
B00168,U0195,S02017,2026-06-16,237.00,confirmed
B00169,U0195,S02021,2026-06-19,237.00,cancelled
B00170,U0197,S02041,2026-06-21,189.00,confirmed
B00171,U0197,S02042,2026-05-10,189.00,confirmed
B00172,U0197,S02050,2026-06-12,189.00,confirmed
B00173,U0197,S02053,2026-06-28,567.00,confirmed
B00174,U0197,S02054,2026-05-03,189.00,confirmed
B00175,U0197,S02055,2026-06-11,567.00,confirmed
B00176,U0198,S02062,2026-05-26,79.00,confirmed
B00177,U0198,S02064,2026-06-12,158.00,cancelled
B00178,U0199,S02067,2026-01-25,29.00,confirmed
B00179,U0199,S02069,2026-06-03,87.00,confirmed
B00180,U0201,S02094,2026-02-04,29.00,confirmed
B00181,U0201,S02096,2026-02-19,58.00,confirmed
B00182,U0202,S02105,2026-04-13,79.00,confirmed
B00183,U0203,S02118,2026-05-25,158.00,confirmed
B00184,U0204,S02129,2026-05-12,79.00,confirmed
B00185,U0205,S02152,2026-06-12,79.00,cancelled
B00186,U0207,S02159,2026-03-22,158.00,confirmed
B00187,U0209,S02186,2026-05-21,29.00,confirmed
B00188,U0211,S02215,2026-03-19,79.00,confirmed
B00189,U0211,S02218,2026-03-29,237.00,confirmed
B00190,U0212,S02232,2026-01-25,79.00,confirmed
B00191,U0213,S02241,2026-04-27,189.00,confirmed
B00192,U0213,S02244,2026-05-27,189.00,cancelled
B00193,U0213,S02247,2026-02-06,189.00,confirmed
B00194,U0214,S02256,2026-02-08,87.00,confirmed
B00195,U0215,S02277,2026-06-23,79.00,confirmed
B00196,U0216,S02285,2026-05-30,189.00,confirmed
B00197,U0216,S02289,2026-04-23,567.00,confirmed
B00198,U0216,S02295,2026-02-20,378.00,confirmed
B00199,U0216,S02298,2026-05-19,567.00,confirmed
B00200,U0217,S02305,2026-06-03,79.00,confirmed
B00201,U0217,S02306,2026-01-01,79.00,confirmed
B00202,U0218,S02308,2026-06-12,29.00,confirmed
B00203,U0218,S02313,2026-05-30,29.00,confirmed
B00204,U0218,S02318,2026-06-25,58.00,cancelled
B00205,U0222,S02346,2026-06-01,58.00,cancelled
B00206,U0222,S02348,2026-05-31,58.00,confirmed
B00207,U0225,S02378,2026-02-26,79.00,confirmed
B00208,U0225,S02385,2026-04-16,79.00,confirmed
B00209,U0226,S02394,2026-06-19,79.00,confirmed
B00210,U0226,S02396,2026-06-29,237.00,confirmed
B00211,U0228,S02408,2026-05-14,87.00,confirmed
B00212,U0229,S02422,2026-05-20,29.00,confirmed
B00213,U0231,S02444,2026-06-27,237.00,confirmed
B00214,U0231,S02445,2026-05-11,158.00,confirmed
B00215,U0234,S02475,2026-01-12,58.00,confirmed
B00216,U0236,S02492,2026-04-30,29.00,cancelled
B00217,U0238,S02505,2026-06-17,79.00,confirmed
B00218,U0238,S02507,2026-04-05,79.00,confirmed
B00219,U0238,S02514,2026-06-20,79.00,confirmed
B00220,U0241,S02527,2026-06-23,29.00,confirmed
B00221,U0241,S02530,2026-06-30,58.00,cancelled
B00222,U0242,S02551,2026-05-18,87.00,confirmed
B00223,U0244,S02577,2026-04-08,58.00,confirmed
B00224,U0244,S02590,2026-04-20,29.00,confirmed
B00225,U0246,S02597,2026-04-07,79.00,confirmed
B00226,U0247,S02604,2026-01-01,79.00,confirmed
B00227,U0248,S02611,2026-06-30,58.00,confirmed
B00228,U0252,S02626,2026-01-23,87.00,confirmed
B00229,U0252,S02629,2026-01-01,87.00,confirmed
B00230,U0253,S02641,2026-06-30,29.00,confirmed
B00231,U0253,S02648,2026-06-29,29.00,confirmed
B00232,U0254,S02670,2026-01-31,158.00,confirmed
B00233,U0254,S02671,2026-05-11,237.00,confirmed
B00234,U0255,S02682,2026-06-28,237.00,confirmed
B00235,U0255,S02692,2026-06-23,79.00,confirmed
B00236,U0257,S02699,2026-06-27,29.00,confirmed
B00237,U0258,S02709,2026-04-09,58.00,confirmed
B00238,U0259,S02721,2026-05-26,189.00,confirmed
B00239,U0260,S02730,2026-03-23,79.00,confirmed
B00240,U0261,S02738,2026-06-06,58.00,confirmed
B00241,U0262,S02745,2026-06-04,87.00,confirmed
B00242,U0262,S02750,2026-06-10,29.00,confirmed
B00243,U0264,S02775,2026-03-14,158.00,confirmed
B00244,U0265,S02791,2026-02-11,79.00,confirmed
B00245,U0266,S02803,2026-06-10,237.00,confirmed
B00246,U0269,S02829,2026-02-23,79.00,confirmed
B00247,U0269,S02830,2026-04-05,237.00,confirmed
B00248,U0272,S02857,2026-06-10,29.00,confirmed
B00249,U0276,S02895,2026-03-02,79.00,confirmed
B00250,U0277,S02924,2026-03-17,237.00,confirmed
B00251,U0278,S02926,2026-05-19,237.00,cancelled
B00252,U0278,S02930,2026-05-04,79.00,confirmed
B00253,U0279,S02935,2026-01-26,58.00,confirmed
B00254,U0279,S02937,2026-06-24,29.00,confirmed
B00255,U0279,S02942,2026-06-09,58.00,confirmed
B00256,U0279,S02943,2026-06-06,29.00,confirmed
B00257,U0279,S02949,2026-04-04,29.00,confirmed
B00258,U0280,S02952,2026-05-26,189.00,confirmed
B00259,U0281,S02959,2026-06-29,29.00,confirmed
B00260,U0281,S02964,2026-04-30,29.00,confirmed
B00261,U0282,S02971,2026-01-09,79.00,confirmed
B00262,U0282,S02972,2026-05-02,79.00,confirmed
B00263,U0282,S02974,2026-06-12,79.00,confirmed
B00264,U0284,S02991,2026-05-10,79.00,confirmed
B00265,U0285,S02995,2026-04-05,29.00,confirmed
B00266,U0287,S03015,2026-02-08,79.00,confirmed
B00267,U0288,S03031,2026-01-21,29.00,confirmed
B00268,U0289,S03035,2026-06-12,79.00,confirmed
B00269,U0291,S03071,2026-04-02,29.00,confirmed
B00270,U0291,S03072,2026-03-22,29.00,confirmed
B00271,U0292,S03080,2026-06-18,29.00,confirmed
B00272,U0292,S03083,2026-02-17,87.00,confirmed
B00273,U0293,S03089,2026-06-09,79.00,confirmed
B00274,U0295,S03112,2026-02-14,29.00,confirmed
B00275,U0296,S03130,2026-05-11,29.00,confirmed
B00276,U0296,S03137,2026-02-26,29.00,confirmed
