question_id,question,generated_sql,answer_value,request_id,run_ts,analyst_text,execution_error,row_count
Q01,How many bookings did we have in March 2026?,SELECT * FROM SEMANTIC_VIEW( MISSION_OS_DB.TRUST_DEMO_DEV.TRUST_DEMO_SV METRICS bookings WHERE bookings.booking_date >= '2026-03-01' AND bookings.booking_date < '2026-04-01' ) -- Generated by Cortex Analyst (request_id: f648d3b3-51d0-4750-98cd-c60cdc557f24) ;,22,f648d3b3-51d0-4750-98cd-c60cdc557f24,2026-10-08T13:19:36Z,This is our interpretation of your question: How many confirmed bookings did we have in March 2026?,,1
Q02,What was total revenue in Q1 2026?,SELECT * FROM SEMANTIC_VIEW( MISSION_OS_DB.TRUST_DEMO_DEV.TRUST_DEMO_SV METRICS revenue WHERE bookings.booking_date >= '2026-01-01' AND bookings.booking_date < '2026-04-01' ) -- Generated by Cortex Analyst (request_id: 87f7008d-96f4-43e8-b65c-e1ce4246e31c) ;,6983.00,87f7008d-96f4-43e8-b65c-e1ce4246e31c,2026-10-08T13:19:40Z,"This is our interpretation of your question: What was the total revenue (sum of amount for confirmed bookings) in Q1 2026 (January 1, 2026 to March 31, 2026)?",,1
Q03,How many active users did we have in April 2026?,SELECT * FROM SEMANTIC_VIEW( MISSION_OS_DB.TRUST_DEMO_DEV.TRUST_DEMO_SV METRICS active_users WHERE sessions.session_date >= '2026-04-01' AND sessions.session_date < '2026-05-01' ) -- Generated by Cortex Analyst (request_id: 228b9cb0-fd58-439d-8477-eb443d0ff8be) ;,196,228b9cb0-fd58-439d-8477-eb443d0ff8be,2026-10-08T13:19:44Z,This is our interpretation of your question: How many active users (distinct users with at least one session) did we have in April 2026?,,1
Q04,What was the booking conversion rate in June 2026?,SELECT * FROM SEMANTIC_VIEW( MISSION_OS_DB.TRUST_DEMO_DEV.TRUST_DEMO_SV METRICS CONVERSION_RATE WHERE sessions.session_date >= '2026-06-01' AND sessions.session_date < '2026-07-01' AND bookings.booking_date >= '2026-06-01' AND bookings.booking_date < '2026-07-01' ) -- Generated by Cortex Analyst (request_id: 2f271fe5-3db1-4e17-8784-cd9be4d2d4f6) ;,0.852632,2f271fe5-3db1-4e17-8784-cd9be4d2d4f6,2026-10-08T13:19:49Z,This is our interpretation of your question: What was the booking conversion rate (confirmed bookings divided by total sessions) in June 2026?,,1
Q05,What was the booking conversion rate for the organic channel in the first half of 2026?,SELECT * FROM SEMANTIC_VIEW( MISSION_OS_DB.TRUST_DEMO_DEV.TRUST_DEMO_SV METRICS CONVERSION_RATE WHERE sessions.channel = 'organic' AND sessions.session_date >= '2026-01-01' AND sessions.session_date <= '2026-06-30' AND bookings.booking_date >= '2026-01-01' AND bookings.booking_date <= '2026-06-30' ) -- Generated by Cortex Analyst (request_id: 23675ca8-411c-4a3a-8849-193b65812e8e) ;,0.907692,23675ca8-411c-4a3a-8849-193b65812e8e,2026-10-08T13:19:54Z,"This is our interpretation of your question: What was the booking conversion rate (confirmed bookings divided by total sessions) for the organic channel in the first half of 2026 (January 1, 2026 to June 30, 2026)?",,1
Q06,What was the booking conversion rate for the partner channel in January 2026?,SELECT * FROM SEMANTIC_VIEW( MISSION_OS_DB.TRUST_DEMO_DEV.TRUST_DEMO_SV METRICS CONVERSION_RATE DIMENSIONS sessions.channel WHERE sessions.channel = 'partner' AND sessions.session_date >= '2026-01-01' AND sessions.session_date < '2026-02-01' ) -- Generated by Cortex Analyst (request_id: 75b6843f-05d7-43af-9935-739f44675b92) ;,,75b6843f-05d7-43af-9935-739f44675b92,2026-10-08T13:19:59Z,"This is our interpretation of your question: What was the booking conversion rate for the partner channel in January 2026? Booking conversion rate is defined as the number of confirmed bookings divided by the number of sessions, for sessions from the 'partner' channel in January 2026.",,0
Q07,Which acquisition channel generated the most revenue in the first half of 2026?,SELECT * FROM SEMANTIC_VIEW( MISSION_OS_DB.TRUST_DEMO_DEV.TRUST_DEMO_SV METRICS revenue DIMENSIONS sessions.channel WHERE sessions.session_date >= '2026-01-01' AND sessions.session_date <= '2026-06-30' ) ORDER BY revenue DESC NULLS LAST LIMIT 1 -- Generated by Cortex Analyst (request_id: f625cc27-db47-4702-8b69-00556c25890d) ;,organic,f625cc27-db47-4702-8b69-00556c25890d,2026-10-08T13:20:04Z,"This is our interpretation of your question: Which acquisition channel generated the most revenue (sum of confirmed booking amounts) in the first half of 2026 (January 1, 2026 to June 30, 2026)?",,1
Q08,What was the average booking value in the first half of 2026?,"SELECT sv.revenue / NULLIF(sv.bookings, 0) AS avg_booking_value FROM ( SELECT * FROM SEMANTIC_VIEW( MISSION_OS_DB.TRUST_DEMO_DEV.TRUST_DEMO_SV METRICS revenue, bookings WHERE bookings.booking_date >= '2026-01-01' AND bookings.booking_date <= '2026-06-30' ) ) AS sv -- Generated by Cortex Analyst (request_id: e4f60910-2242-47f8-acfd-d8af6a1fbecb) ;",97.00000000,e4f60910-2242-47f8-acfd-d8af6a1fbecb,2026-10-08T13:20:09Z,"This is our interpretation of your question: What was the average booking value (revenue per confirmed booking) in the first half of 2026 (January 1, 2026 to June 30, 2026)?",,1
Q09,How many paying customers do we have?,,,beeab2a5-531c-4113-9557-fd0f00ef678f,2026-10-08T13:20:15Z,"I'm sorry, but the question about 'paying customers' is ambiguous given the available data model. The users table has a 'plan' column with values like free, pro, or team, which could be used to identify paying customers (e.g., users on 'pro' or 'team' plans). However, it's unclear whether 'paying customers' refers to users with a paid subscription plan, or users who have made at least one confirmed booking/purchase. Could you clarify what you mean by 'paying customers' — for example, users on a paid plan (pro or team), or users who have completed at least one confirmed booking?",,0
Q10,What is our customer churn rate?,,,45d17a06-d9c7-426e-b583-4f2b16cc38ea,2026-10-08T13:20:22Z,"I'm sorry, but I'm unable to calculate customer churn rate with the available data. Churn rate typically requires identifying customers who were active in a previous period but did not return in a subsequent period. While the data model contains information about users, sessions, and bookings, there is no specific metric or dimension that tracks customer retention or churn over time in a way that would allow a standard churn calculation. Additionally, the question does not specify a time period or define what 'churned' means in this context (e.g., no booking in the last 30 days, no session in the last quarter, etc.), making it unclear how to compute this metric.",,0
