view_key,question_id,run,outcome,shown,request_id
base,Q04,1,answered,0.852632,8c77db15-dd34-421d-b183-22888fffc061
base,Q04,2,answered,0.852632,0c9e8e0d-2317-407b-8b52-8d705e163f9e
base,Q04,3,answered,0.852632,436fdb94-bc74-427e-87d0-fc35039ca264
base,Q04,4,answered,0.852632,9a4e5d0b-fff5-40fe-bcb0-603071604858
base,Q04,5,answered,0.852632,5c9ee9fb-13a2-4ea4-9397-7566d8320869
base,Q04,6,answered,0.852632,28b90fca-7240-439a-af35-37dca43c1af0
base,Q04,7,answered,0.852632,bce7977e-3056-48db-8410-bb7f13262d36
base,Q04,8,answered,0.852632,53d8c658-7d1a-4642-bcec-58c4f1b245c2
base,Q04,9,answered,0.852632,1183002e-3154-4782-9c9a-ba7997bef701
base,Q04,10,answered,0.852632,a65e98d8-60a5-4e3e-b249-72a1d22fd3f3
base,Q06,1,empty,empty,fb75a33d-5b82-46f7-ad67-e34b4deafde7
base,Q06,2,empty,empty,5f459bb3-ea80-48bd-83c4-545ebb17042c
base,Q06,3,empty,empty,a39eab4f-f9f2-45a1-8f95-6c48fae36698
base,Q06,4,empty,empty,c82d27c9-1018-404d-a4cf-c392d1815095
base,Q06,5,empty,empty,825e1c1f-cfc6-4bfb-b0a7-c90c163a94f3
base,Q06,6,empty,empty,1fca20c3-7ce2-48b8-b403-c9b8acd5b2c2
base,Q06,7,empty,empty,050ecfe2-caf6-48cb-aad8-663f475cecb8
base,Q06,8,empty,empty,0240c9a9-600c-435f-ad1f-5e2b841ad8c9
base,Q06,9,empty,empty,f075b9d0-2f62-4977-a026-21a33c92cfa8
base,Q06,10,empty,empty,4710c985-1921-460b-8c8b-32662fe5af70
base,Q09,1,asked,,6abd6bc6-ad50-46c9-93c0-5882947d7659
base,Q09,2,asked,,305278a8-d9ff-46ad-a6fc-84f753849193
base,Q09,3,asked,,f968433a-1d31-4d06-b273-e32ad21895c3
base,Q09,4,asked,,4a157127-abb8-4d49-b7da-b3fae30ffe86
base,Q09,5,asked,,30f3b11b-1cb9-4c54-8398-c5f746eca0ef
base,Q09,6,asked,,1e05e762-3ea3-4815-be5e-8a1f734545b8
base,Q09,7,asked,,cabd3805-19b6-40aa-ac5d-5056dca905b1
base,Q09,8,asked,,484540b8-b344-4149-9eb1-5d0ebb876a56
base,Q09,9,asked,,c2339756-e8a1-4c15-95b7-0f9f84485de9
base,Q09,10,asked,,f730460d-ed21-4436-8048-f19d7774a8f8
base,Q10,1,asked,,f1b60c5f-c238-467a-94cc-912a311fb355
base,Q10,2,asked,,5207e72e-1010-4f47-b24c-b40ce046ded7
base,Q10,3,asked,,4c56772a-c6f2-4b4e-ae42-4c3c1185d438
base,Q10,4,asked,,322de253-ec36-48e0-86af-81aa33550de6
base,Q10,5,asked,,2637eefe-4ced-4ac1-b714-d116c9f5b535
base,Q10,6,asked,,776af963-b031-4e07-9238-c8a76dd5da7a
base,Q10,7,asked,,cce8cc64-a4de-4516-aef0-b0d00da75bcb
base,Q10,8,asked,,efc0dc13-fb23-4cac-84e9-0585ffc10ca0
base,Q10,9,asked,,0c3f4409-fd0c-4871-a2ad-69b0ce2e993c
base,Q10,10,asked,,fb7090fb-4d4b-425f-9836-a746e0958a66
eval,Q04,1,answered,0.080919,fd608a4b-be69-45d2-afe0-7a512d565acd
eval,Q04,2,answered,0.080919,99feaf89-1686-4e2c-afff-f4e1f019dc05
eval,Q04,3,answered,0.080919,19a5fe63-eaa1-4173-bec6-253529a18d37
eval,Q04,4,answered,0.080919,217598fd-98c1-42c6-98fd-e8df3c343ff8
eval,Q04,5,answered,0.080919,d21206eb-d514-4ca9-9db9-4d80d4ac0aa6
eval,Q04,6,answered,0.080919,3c7343e1-8f25-4ae1-9702-d4cda8ccc34a
eval,Q04,7,answered,0.080919,5daec14e-ff9e-4412-99a1-92d0f07c1437
eval,Q04,8,answered,0.080919,848cecfe-3a22-455a-a69c-ea417b1e69e7
eval,Q04,9,answered,0.080919,fbcf91e8-24e9-42d1-abeb-70cb231afb86
eval,Q04,10,answered,0.080919,e6989a60-a630-4c7f-bea5-f33eefbe0c07
eval,Q06,1,empty,empty,1179a482-8564-4b76-85e3-90e0d8e8ebc6
eval,Q06,2,empty,empty,a7ec749d-f4e6-40a9-b521-b7884b28d640
eval,Q06,3,empty,empty,e36517aa-6272-4178-afc4-388826e862bd
eval,Q06,4,empty,empty,ad6a16c2-0056-4de8-bac1-bcc9ccb289fa
eval,Q06,5,empty,empty,d5f31fd6-90e9-4058-8543-23cb51383fcf
eval,Q06,6,empty,empty,69c10473-686a-4c1c-a3af-d89b7f035d8e
eval,Q06,7,empty,empty,6c5a31fb-5e48-4c0b-9179-d6f80e2c4a4d
eval,Q06,8,empty,empty,20b2221d-086f-440f-9e51-a95afc2330ca
eval,Q06,9,empty,empty,36131952-8497-4adc-a443-ce8375fce39e
eval,Q06,10,empty,empty,4cd85691-fd13-4148-a63c-9ce66610b43f
eval,Q09,1,answered,134,9f07f8ce-5b73-4477-a5e4-3996b349d5cd
eval,Q09,2,answered,134,6153863d-b575-407c-b770-3a5c5d5d9242
eval,Q09,3,answered,134,58be6671-132a-42eb-955b-7e7759f7d22a
eval,Q09,4,answered,134,b897e016-7290-4a04-aadb-f4e059377e15
eval,Q09,5,answered,134,3481b182-fa4c-419c-a772-924132cdfb7b
eval,Q09,6,answered,134,b0bba5e2-f229-4396-8e31-388501c51a7c
eval,Q09,7,answered,134,7f604ff7-d0e7-4073-879a-5e985d408828
eval,Q09,8,answered,134,2eb64ca4-c75d-4450-89bf-1e2bf72bde05
eval,Q09,9,answered,134,b1769c00-1a95-4b52-a5a9-ccdfebe2a2ca
eval,Q09,10,answered,134,9630984b-21ec-4557-af14-2151bf9eed82
eval,Q10,1,answered,0.466667,c0e4ee5c-962f-462e-990b-9eab47fb8250
eval,Q10,2,answered,0.466667,a542f297-e21e-474f-a63a-848a6f379f1f
eval,Q10,3,answered,0.466667,e74ba39c-e5ec-4dcc-a440-76e8b8bfe03b
eval,Q10,4,answered,0.466667,c9bea775-517d-4a62-a1be-0c83e7017223
eval,Q10,5,answered,0.466667,87d45ceb-2dfc-4520-81f5-4a576149f6c4
eval,Q10,6,answered,0.466667,5565b744-5afc-494d-8521-0e1deb7063cd
eval,Q10,7,answered,0.466667,83f71bbc-a836-4068-b552-1512507675af
eval,Q10,8,answered,0.466667,3d5d4d94-15fd-4361-9774-809a44c8489e
eval,Q10,9,answered,0.466667,c47fbe42-e466-4a4b-bda5-c256168386ef
eval,Q10,10,answered,0.466667,cea579dc-af83-46cb-b519-eaa60a0f57d0
rule,Q09,1,answered,134,0d773bfd-d50c-42fd-a95a-b58ee219327a
rule,Q09,2,answered,134,6995d570-b390-4d9e-8ee0-d84cf0177f31
rule,Q09,3,answered,134,29793c01-79ef-4486-a4f6-b2e248f77c91
rule,Q09,4,answered,134,3464daee-99f4-40a6-b937-62cd1e96f3bc
rule,Q09,5,answered,134,4db4818a-b5dc-4025-8796-b5a683c4c4c6
rule,Q09,6,answered,134,4264ad4f-228e-4ee8-b361-01e34107c92a
rule,Q09,7,answered,134,fafd2647-f8e9-44f5-9dc1-0e4882f8125c
rule,Q09,8,answered,134,4a6b4910-a7ad-47d0-8049-8775952ccac0
rule,Q09,9,answered,134,96d0b701-9950-4f64-91af-442de331b9df
rule,Q09,10,answered,134,df7414f7-34d6-4abf-9d85-092d051fb46f
rule,Q10,1,refused_in_sql,text,fbb0b4dc-4509-482b-9453-09a8c7bc775f
rule,Q10,2,refused_in_sql,text,261b4361-3d86-47b3-84e8-4d92ec10236c
rule,Q10,3,refused_in_sql,text,fe974a12-429e-4771-b30e-da4fe21a01a0
rule,Q10,4,refused_in_sql,text,3d9720e7-241d-47e6-acd1-66c58647d807
rule,Q10,5,refused_in_sql,text,1e35d265-462e-4d12-9acd-5616804e5c3d
rule,Q10,6,refused_in_sql,text,4a157a31-d77b-42bb-9284-4b86f054710d
rule,Q10,7,refused_in_sql,text,8d4fa16b-c70c-46a5-b49e-0107a5d05a27
rule,Q10,8,refused_in_sql,text,d7537989-0cd2-4db0-b224-ec6dfdc084f9
rule,Q10,9,refused_in_sql,text,24cf63df-0899-4e27-ad65-9a4719cefb74
rule,Q10,10,refused_in_sql,text,76b4a89d-05d7-4e14-a4d7-31a375f842f7
noq09,Q09,1,answered,160,38ea40f5-13b6-4b71-af9e-3950061fff0a
noq09,Q09,2,answered,160,eeb38ea4-29ac-40de-865f-0121a5a26638
noq09,Q09,3,answered,160,254fa920-761a-4cb3-9f6e-03e8b56aa1ff
noq09,Q09,4,answered,160,e02921bc-7027-470d-bcb1-c97120b2cb19
noq09,Q09,5,answered,160,a2a92dc6-7da2-4667-b285-bb0e9a51f5f4
noq09,Q09,6,answered,160,84c58337-3885-4905-a818-92d02d2c163e
noq09,Q09,7,answered,160,25a13d70-3ab3-44b2-af96-6f443597521a
noq09,Q09,8,answered,160,775f521d-f435-4b82-a9f8-cbea2173fc74
noq09,Q09,9,answered,131,31f4ae54-9ebf-4eb2-b783-acc6117adc62
noq09,Q09,10,answered,131,ef3ccec1-84a0-4bdc-b60e-abb5abc58d7b
noq09,Q10,1,answered,0.466667,8c23c0d5-ed4b-4c23-9d09-9f83308e3608
noq09,Q10,2,answered,0.466667,ae03cadd-b0f1-4d70-a804-e4b8bb5466c2
noq09,Q10,3,answered,0.466667,df51a9fe-f4ca-41b4-8131-51046b0adff3
noq09,Q10,4,answered,0.466667,01dccdd5-fbbd-4e19-883d-ba7dec0df873
noq09,Q10,5,answered,0.466667,c027ede4-1eaf-4b1f-99b6-b0bf857a6dea
noq09,Q10,6,answered,0.466667,1da73c55-5f02-401d-8e8d-9eaee84a3afa
noq09,Q10,7,answered,0.466667,9dbe17e9-0f66-4519-9ba6-f9f37cf4d257
noq09,Q10,8,answered,0.466667,20bdc413-1149-4783-87ea-acc0e081c32c
noq09,Q10,9,answered,0.466667,2c704e79-250d-4b9d-8df3-4e274894369e
noq09,Q10,10,answered,0.466667,c60c15cd-7e44-498a-a4b9-e1042c556bd4
onlyq09,Q09,1,answered,134,e0b5ea70-291b-4477-a970-eda96c64a87c
onlyq09,Q09,2,answered,134,b8fc4b98-2820-40c5-876b-7b35606a88d8
onlyq09,Q09,3,answered,134,c3779fbe-5e83-4706-97ce-7b527725451a
onlyq09,Q09,4,answered,134,0c8f2d04-cb84-4ad7-8479-81ab771b04cd
onlyq09,Q09,5,answered,134,1a8a315b-477d-450e-9559-24005b0dddd3
onlyq09,Q09,6,answered,134,f6245a8b-b9e8-4fc0-a9bc-60f971db78b8
onlyq09,Q09,7,answered,134,3afa8273-78f8-441d-823f-0b794d3b3be0
onlyq09,Q09,8,answered,134,4868b92c-212a-4afd-865b-e9fc63b5720e
onlyq09,Q09,9,answered,134,1d627b3a-1204-4f02-925b-54d693ef202f
onlyq09,Q09,10,answered,134,626f2ee6-486c-42c0-8b72-1b47a694184a
onlyq09,Q10,1,answered,0.466667,16f9ad6e-7432-42f6-9c5e-415fcfab2eab
onlyq09,Q10,2,answered,0.466667,ea390b35-2c30-4e49-8eaf-b9f93dd1858a
onlyq09,Q10,3,answered,0.466667,930b47e8-dd05-4e50-902f-cf1b248c77e2
onlyq09,Q10,4,answered,0.466667,5a42f141-0996-47c4-8c30-b2481a99eef5
onlyq09,Q10,5,answered,0.466667,d463347e-2437-4bbc-a5df-bec4de29f524
onlyq09,Q10,6,answered,0.466667,ecac4492-c95f-4a91-82b5-f87040e1a9f5
onlyq09,Q10,7,answered,0.466667,5524ca47-abcc-401b-b721-327372dd1a8b
onlyq09,Q10,8,answered,0.466667,b6118a34-cccb-48c0-bf3f-ef80f7e098b4
onlyq09,Q10,9,answered,0.466667,d40eb666-3fac-4cf8-b768-e27dbb531e9d
onlyq09,Q10,10,answered,0.466667,aa1ae4a8-dca1-4a14-b943-3eb3af89711c
ctrl,Q04,1,answered,0.852632,ad29da12-225c-43e3-abcd-9d402745287e
ctrl,Q04,2,answered,0.852632,4e824323-f083-4566-af2a-84fd04e8f149
ctrl,Q04,3,answered,0.852632,88d0b1be-d8d1-4f1b-9518-611686f550cb
ctrl,Q04,4,answered,0.852632,742a23c3-dc7f-4d72-b638-35b417d9a4c7
ctrl,Q04,5,answered,0.852632,59c587de-0706-4501-a02e-8b684f0e7c87
ctrl,Q06,1,empty,empty,b77148ce-79ab-47ee-b151-d204f02a1d08
ctrl,Q06,2,empty,empty,e262a458-7d5b-4175-9e79-14c0973b551e
ctrl,Q06,3,empty,empty,aa92855b-bbdc-4599-9782-0b085ae1357b
ctrl,Q06,4,empty,empty,cc2f9adb-411f-4ac5-831c-84223dd883c2
ctrl,Q06,5,empty,empty,f5719dcb-2155-4a9a-976b-3b5df1ef8db7
ctrl,Q09,1,answered,286,654374b4-323b-4603-bc26-0f0bc865315a
ctrl,Q09,2,answered,286,637921f6-5b3e-4fdc-be41-115c0c00ef53
ctrl,Q09,3,answered,286,bea862ee-74b5-40a5-8308-cc053b1a62c0
ctrl,Q09,4,answered,286,281df3f5-659c-4a95-bede-643837efd6e2
ctrl,Q09,5,answered,160,89608ed5-f369-4d85-8e38-2369a84a1ac7
ctrl,Q10,1,asked,,e5ff36c9-1e42-4f72-9bc6-01961b222d14
ctrl,Q10,2,asked,,59096782-8607-4fb6-a010-05a41311e8d4
ctrl,Q10,3,asked,,8d66a6ff-71b2-4f26-944f-696a26f1b349
ctrl,Q10,4,asked,,11c7fdc0-1087-43c6-bfa5-737d1a544761
ctrl,Q10,5,asked,,229ea591-e57d-4c64-808a-b5539f0cbad0
