user_id,signup_date,country,plan
U0001,2026-05-24,PT,free
U0002,2025-11-18,FR,free
U0003,2025-08-22,GB,free
U0004,2026-02-02,PT,free
U0005,2025-10-20,FR,free
U0006,2025-07-14,GB,free
U0007,2026-05-29,GB,free
U0008,2026-02-15,GB,free
U0009,2025-07-04,FR,pro
U0010,2025-12-22,ES,free
U0011,2025-12-20,PT,free
U0012,2025-08-19,ES,pro
U0013,2026-05-06,ES,pro
U0014,2026-02-21,GB,free
U0015,2026-01-10,PT,pro
U0016,2026-05-18,GB,team
U0017,2026-01-02,GB,free
U0018,2025-08-05,PT,pro
U0019,2025-11-26,PT,pro
U0020,2025-08-21,DE,free
U0021,2026-05-22,ES,free
U0022,2025-12-29,FR,pro
U0023,2026-06-25,PT,pro
U0024,2025-09-26,GB,pro
U0025,2025-09-22,DE,free
U0026,2026-05-24,GB,free
U0027,2025-12-14,PT,free
U0028,2025-07-17,ES,free
U0029,2025-08-03,FR,team
U0030,2026-04-17,ES,free
U0031,2026-03-13,DE,team
U0032,2026-05-26,DE,free
U0033,2025-09-10,FR,pro
U0034,2026-04-02,ES,pro
U0035,2026-02-05,GB,free
U0036,2025-10-21,FR,free
U0037,2025-08-16,PT,pro
U0038,2025-09-17,FR,pro
U0039,2026-02-02,GB,free
U0040,2026-01-12,GB,team
U0041,2026-03-28,ES,team
U0042,2025-07-06,PT,pro
U0043,2026-04-01,ES,pro
U0044,2025-12-22,PT,free
U0045,2025-09-19,DE,free
U0046,2025-11-12,GB,pro
U0047,2026-03-17,PT,pro
U0048,2025-11-30,GB,pro
U0049,2025-09-17,ES,pro
U0050,2026-04-03,GB,team
U0051,2026-05-03,ES,free
U0052,2025-08-27,ES,pro
U0053,2025-12-05,FR,free
U0054,2026-04-17,PT,free
U0055,2026-03-06,PT,team
U0056,2026-03-30,FR,free
U0057,2026-03-01,GB,free
U0058,2026-03-28,GB,free
U0059,2025-10-17,GB,pro
U0060,2026-06-19,FR,pro
U0061,2026-01-21,ES,free
U0062,2026-03-22,DE,free
U0063,2025-10-24,PT,free
U0064,2026-04-28,GB,free
U0065,2025-10-21,PT,free
U0066,2026-05-20,PT,free
U0067,2025-07-17,ES,free
U0068,2025-10-30,ES,pro
U0069,2025-10-18,GB,free
U0070,2026-04-19,GB,free
U0071,2026-02-28,DE,free
U0072,2025-08-19,DE,free
U0073,2026-01-27,DE,pro
U0074,2025-07-28,PT,free
U0075,2025-12-21,PT,free
U0076,2025-10-06,GB,free
U0077,2026-02-02,FR,free
U0078,2025-11-05,PT,free
U0079,2026-04-08,PT,free
U0080,2026-04-03,PT,team
U0081,2025-10-30,FR,free
U0082,2026-03-04,FR,pro
U0083,2025-07-31,FR,free
U0084,2026-01-16,ES,team
U0085,2026-02-18,ES,free
U0086,2026-04-11,DE,free
U0087,2025-11-29,FR,team
U0088,2026-04-23,GB,free
U0089,2025-12-08,PT,free
U0090,2026-03-02,GB,team
U0091,2026-03-29,FR,free
U0092,2026-03-18,PT,pro
U0093,2025-08-05,GB,free
U0094,2025-10-29,DE,free
U0095,2026-04-18,FR,pro
U0096,2025-07-21,GB,free
U0097,2026-06-02,GB,pro
U0098,2025-12-09,ES,free
U0099,2025-12-08,FR,free
U0100,2025-09-06,ES,free
U0101,2025-08-07,PT,free
U0102,2026-04-15,PT,free
U0103,2025-10-18,GB,free
U0104,2025-12-26,PT,pro
U0105,2026-01-06,ES,free
U0106,2026-04-05,ES,pro
U0107,2026-05-31,GB,free
U0108,2026-04-10,ES,team
U0109,2025-08-23,FR,free
U0110,2025-08-24,GB,free
U0111,2025-11-22,GB,free
U0112,2025-12-23,FR,pro
U0113,2025-11-13,GB,free
U0114,2025-07-27,PT,pro
U0115,2025-11-19,PT,free
U0116,2025-09-05,ES,free
U0117,2026-02-12,GB,pro
U0118,2026-04-14,PT,free
U0119,2026-06-19,FR,free
U0120,2026-01-06,GB,pro
U0121,2026-02-06,FR,free
U0122,2026-01-03,PT,team
U0123,2025-10-16,FR,pro
U0124,2025-12-29,GB,team
U0125,2026-01-25,GB,pro
U0126,2025-10-30,FR,team
U0127,2025-09-29,DE,free
U0128,2025-12-18,DE,pro
U0129,2025-11-05,ES,free
U0130,2026-06-25,PT,free
U0131,2025-07-20,DE,free
U0132,2026-02-21,ES,free
U0133,2025-10-25,FR,free
U0134,2025-10-07,DE,free
U0135,2025-08-05,ES,free
U0136,2026-03-18,DE,pro
U0137,2026-04-01,ES,team
U0138,2025-08-29,ES,free
U0139,2025-11-13,PT,free
U0140,2026-02-08,ES,pro
U0141,2025-12-08,DE,pro
U0142,2026-03-19,PT,free
U0143,2026-04-22,FR,free
U0144,2026-06-28,DE,free
U0145,2026-04-02,FR,free
U0146,2025-08-05,ES,pro
U0147,2026-06-05,PT,pro
U0148,2025-12-01,GB,free
U0149,2026-01-26,ES,free
U0150,2025-11-29,GB,free
U0151,2026-02-01,DE,pro
U0152,2025-09-28,GB,pro
U0153,2026-01-24,GB,pro
U0154,2025-12-03,ES,free
U0155,2026-04-23,GB,pro
U0156,2026-02-24,DE,free
U0157,2025-10-18,GB,free
U0158,2025-09-25,PT,free
U0159,2026-06-05,GB,free
U0160,2025-10-29,ES,free
U0161,2025-10-10,FR,free
U0162,2025-11-03,DE,pro
U0163,2025-08-07,DE,free
U0164,2026-05-19,GB,free
U0165,2026-06-22,DE,free
U0166,2025-11-02,FR,pro
U0167,2025-07-03,PT,pro
U0168,2025-10-21,FR,pro
U0169,2026-06-22,GB,free
U0170,2026-04-12,FR,team
U0171,2025-09-01,DE,free
U0172,2026-02-23,GB,team
U0173,2026-05-01,ES,team
U0174,2026-02-12,GB,pro
U0175,2026-03-16,DE,pro
U0176,2026-04-07,DE,team
U0177,2026-03-01,DE,free
U0178,2025-11-04,ES,pro
U0179,2026-03-24,DE,pro
U0180,2025-11-18,DE,free
U0181,2025-11-24,FR,free
U0182,2025-12-11,GB,free
U0183,2025-09-16,FR,free
U0184,2025-09-17,FR,free
U0185,2026-01-25,ES,free
U0186,2026-01-29,PT,free
U0187,2026-02-01,DE,team
U0188,2026-04-26,PT,pro
U0189,2026-04-21,DE,free
U0190,2025-12-28,ES,pro
U0191,2026-01-31,GB,pro
U0192,2026-04-06,GB,team
U0193,2026-03-07,FR,free
U0194,2026-03-06,PT,free
U0195,2026-06-08,DE,pro
U0196,2026-02-25,FR,team
U0197,2026-03-31,PT,team
U0198,2026-04-30,GB,pro
U0199,2025-08-12,DE,free
U0200,2026-02-22,FR,free
U0201,2026-01-11,ES,free
U0202,2025-12-15,ES,pro
U0203,2026-01-11,ES,pro
U0204,2026-02-01,ES,pro
U0205,2026-02-26,PT,pro
U0206,2025-07-27,ES,free
U0207,2025-08-05,PT,pro
U0208,2025-11-04,FR,pro
U0209,2026-05-15,FR,free
U0210,2026-02-28,PT,pro
U0211,2025-10-20,DE,pro
U0212,2026-01-05,FR,pro
U0213,2025-08-28,FR,team
U0214,2025-08-25,GB,free
U0215,2025-12-07,GB,pro
U0216,2026-01-09,DE,team
U0217,2025-10-10,PT,pro
U0218,2026-05-18,FR,free
U0219,2025-12-02,GB,pro
U0220,2026-04-16,PT,free
U0221,2026-02-05,ES,free
U0222,2026-05-28,ES,free
U0223,2026-02-01,DE,free
U0224,2026-01-02,DE,pro
U0225,2026-02-08,FR,pro
U0226,2026-05-30,ES,pro
U0227,2026-04-02,DE,free
U0228,2026-04-30,ES,free
U0229,2025-11-03,PT,free
U0230,2026-02-16,FR,pro
U0231,2026-04-18,GB,pro
U0232,2025-12-20,PT,free
U0233,2025-12-14,FR,free
U0234,2025-12-29,ES,free
U0235,2026-05-02,ES,pro
U0236,2026-03-22,FR,free
U0237,2026-01-25,DE,pro
U0238,2025-11-01,DE,pro
U0239,2026-03-09,DE,pro
U0240,2025-08-17,ES,free
U0241,2026-06-20,FR,free
U0242,2026-04-24,ES,free
U0243,2026-03-29,ES,free
U0244,2026-04-08,ES,free
U0245,2026-02-18,ES,free
U0246,2025-10-27,PT,pro
U0247,2025-12-09,PT,pro
U0248,2026-06-19,FR,free
U0249,2026-03-05,ES,pro
U0250,2026-03-26,GB,free
U0251,2025-08-21,FR,free
U0252,2026-01-01,FR,free
U0253,2026-06-28,GB,free
U0254,2025-07-24,PT,pro
U0255,2026-06-23,FR,pro
U0256,2026-03-09,PT,pro
U0257,2026-04-20,ES,free
U0258,2026-02-11,ES,free
U0259,2025-07-27,ES,team
U0260,2026-03-02,PT,pro
U0261,2026-01-22,DE,free
U0262,2026-05-19,PT,free
U0263,2026-04-15,ES,free
U0264,2025-11-05,PT,pro
U0265,2026-01-30,GB,pro
U0266,2026-05-13,FR,pro
U0267,2026-01-11,DE,team
U0268,2025-11-30,GB,team
U0269,2025-12-04,GB,pro
U0270,2026-05-09,PT,team
U0271,2025-10-15,FR,free
U0272,2025-08-11,FR,free
U0273,2026-04-09,PT,free
U0274,2026-01-26,DE,pro
U0275,2026-02-26,ES,free
U0276,2025-11-25,ES,pro
U0277,2026-02-18,PT,pro
U0278,2025-11-13,GB,pro
U0279,2025-10-10,DE,free
U0280,2025-10-24,FR,team
U0281,2025-09-11,PT,free
U0282,2025-12-05,GB,pro
U0283,2026-04-18,ES,free
U0284,2026-02-25,ES,pro
U0285,2025-11-17,GB,free
U0286,2026-02-10,PT,pro
U0287,2026-02-07,ES,pro
U0288,2025-07-14,PT,free
U0289,2026-06-11,GB,pro
U0290,2025-07-11,ES,pro
U0291,2025-09-28,DE,free
U0292,2026-02-12,ES,free
U0293,2026-04-26,DE,pro
U0294,2026-03-09,PT,free
U0295,2026-01-26,ES,free
U0296,2025-08-23,FR,free
U0297,2026-06-21,DE,free
U0298,2026-01-22,GB,free
U0299,2025-08-15,ES,free
U0300,2025-08-29,DE,pro
