exp,view,q,run,http,kind,value,text,sql,request_id
E1,TRUST_DEMO_SV_ONLYQ04,CHURN,1,200,suggestions,,"I'm sorry, but customer churn rate cannot be calculated from the available data. Churn rate typically requires tracking whether existing customers have stopped using the service over a given period (e.g., customers who were active in a previous period but not in the current period). While the data model contains information about users, sessions, and bookings, there is no concept of 'active' vs 'c",,1ff87ec8-8113-4ad9-a4af-863f60867ba7
E1,TRUST_DEMO_SV_ONLYQ04,CHURN,2,200,suggestions,,"I'm sorry, but customer churn rate cannot be calculated from the available data. Churn rate typically requires tracking whether existing customers have stopped using the service over a given period (e.g., customers who were active in a previous period but not in the current one). While the data model contains information about users, sessions, and bookings, there is no concept of 'active' vs 'chur",,c8ca01cc-f056-4574-b2fe-7662d2b57afa
E1,TRUST_DEMO_SV_ONLYQ04,CHURN,3,200,suggestions,,"I'm sorry, but customer churn rate cannot be calculated from the available data. Churn rate typically requires tracking whether existing customers have stopped using the service over a given period (e.g., customers who were active in a previous period but not in the current period). While the data model contains information about users, sessions, and bookings, there is no concept of 'churned' user",,6b925175-bc07-4867-a9c6-3a3afc7dba23
E1,TRUST_DEMO_SV_ONLYQ04,CHURN,4,200,suggestions,,"I'm sorry, but customer churn rate cannot be calculated from the available data. Churn rate typically requires tracking whether existing customers have stopped using the service over a given period (e.g., customers who were active in a previous period but not in the current period). While the data model contains information about users, sessions, and bookings, there is no concept of 'active' vs 'c",,f9ff2243-0091-423c-8014-8cd4f3c1afb6
E1,TRUST_DEMO_SV_ONLYQ04,CHURN,5,200,suggestions,,"I'm sorry, but customer churn rate cannot be calculated from the available data. Churn rate typically requires tracking whether existing customers have stopped using the service over a given period (e.g., customers who were active in a previous period but not in the current one). While the data model contains information about users, sessions, and bookings, there is no concept of 'churned' custome",,faf83a8e-30e8-4afb-98df-1f9b5cfd8982
E1,TRUST_DEMO_SV_ONLYQ05,CHURN,1,200,suggestions,,"I'm sorry, but customer churn rate cannot be calculated from the available data. Churn rate typically requires tracking whether existing customers have stopped using the service over a given period (e.g., customers who were active in a previous period but not in the current period). While the data model contains information about users, sessions, and bookings, there is no concept of 'active' vs 'c",,50f2ae62-3809-4b9d-8293-ef4ecabc8c44
E1,TRUST_DEMO_SV_ONLYQ05,CHURN,2,200,suggestions,,"I'm sorry, but customer churn rate cannot be calculated from the available data. Churn rate typically requires tracking whether existing customers have stopped using the service over a given period (e.g., customers who were active in a previous period but not in the current period). While the data model contains information about users, sessions, and bookings, there is no concept of 'churned' cust",,1ec0a28c-a1e8-4d1d-b9c2-47fcb3a89e82
E1,TRUST_DEMO_SV_ONLYQ05,CHURN,3,200,suggestions,,"I'm sorry, but customer churn rate cannot be calculated from the available data. Churn rate typically requires tracking whether existing customers have stopped using the service over a given period (e.g., customers who were active in a previous period but not in the current period). While the data model contains information about users, sessions, and bookings, there is no concept of 'churned' user",,1379195b-96cd-4760-93c5-efa674d9cb40
E1,TRUST_DEMO_SV_ONLYQ05,CHURN,4,200,suggestions,,"I'm sorry, but customer churn rate cannot be calculated from the available data. Churn rate typically requires tracking whether existing customers have stopped using the service over a given period (e.g., customers who were active in a previous period but not in the current period). While the data model contains information about users, sessions, and bookings, there is no concept of 'active' vs 'c",,271bd712-0982-4260-825f-ad0c9a82632b
E1,TRUST_DEMO_SV_ONLYQ05,CHURN,5,200,suggestions,,"I'm sorry, but customer churn rate cannot be calculated from the available data. Churn rate typically requires tracking whether existing customers have stopped using the service over a given period (e.g., customers who were active in a previous period but not in the current one). While the data model contains information about users, sessions, and bookings, there is no concept of 'churned' users d",,ec4b9b01-a6ed-4e4f-9c05-5fc8575e42e7
E1,TRUST_DEMO_SV_ONLYQ06,CHURN,1,200,suggestions,,"I'm sorry, but customer churn rate cannot be calculated from the available data. Churn rate typically requires tracking whether existing customers have stopped using the service over a given period (e.g., customers who were active in a previous period but not in the current period). While the data model contains information about users, sessions, and bookings, there is no concept of 'churned' user",,b18a7e23-870e-43c5-9999-a015eecae674
E1,TRUST_DEMO_SV_ONLYQ06,CHURN,2,200,suggestions,,"I'm sorry, but customer churn rate cannot be calculated from the available data. Churn rate typically requires tracking whether existing customers have stopped using the service over a given period (e.g., customers who were active in a previous period but not in the current period). While the data model contains information about users, sessions, and bookings, there is no concept of 'churned' user",,f0ea8416-35b4-4b4b-9feb-d26efdddd51a
E1,TRUST_DEMO_SV_ONLYQ06,CHURN,3,200,suggestions,,"I'm sorry, but customer churn rate cannot be calculated from the available data. Churn rate typically requires tracking whether existing customers have stopped using the service over a given period (e.g., customers who were active in a previous period but not in the current one). While the data model contains information about users, sessions, and bookings, there is no concept of 'churned' users d",,7ec68c49-62a4-4cd5-a31d-bfd9f79ebcfe
E1,TRUST_DEMO_SV_ONLYQ06,CHURN,4,200,suggestions,,"I'm sorry, but customer churn rate cannot be calculated from the available data. Churn rate typically requires tracking whether existing customers have stopped using the service over a given period (e.g., customers who were active in a previous period but not in the current one). While the data model contains information about users, sessions, and bookings, there is no concept of 'active' vs 'chur",,64bef18d-f0e5-4d9d-8c7f-810d482832e6
E1,TRUST_DEMO_SV_ONLYQ06,CHURN,5,200,suggestions,,"I'm sorry, but customer churn rate cannot be calculated from the available data. Churn rate typically requires tracking whether existing customers have stopped using the service over a given period (e.g., customers who were active in a previous period but not in the current period). While the data model contains information about users, sessions, and bookings, there is no concept of 'churned' user",,4023ba82-f682-4960-be3b-e01fa9b82774
E1,TRUST_DEMO_SV_ONLYQ07,CHURN,1,200,sql,"(300, 140, 160, Decimal('0.466667'))","This is our interpretation of your question: What is the customer churn rate? Since the data model does not have explicit churn events or subscription end dates, I will approximate churn as the proportion of users who signed up but have no confirmed bookings. Churn rate = (users with no confirmed bookings) / (total registered users). This is calculated over the entire available time period.","WITH __users AS ( SELECT user_id FROM MISSION_OS_DB.TRUST_DEMO_DEV.USERS ), __bookings AS ( SELECT status, booking_id, user_id FROM MISSION_OS_DB.TRUST_DEMO_DEV.BOOKINGS ), user_bookings AS ( SELECT u.user_id, COUNT(CASE WHEN b.status = 'confirmed' THEN b.booking_id END) AS confirmed_bookings FROM __users AS u LEFT OUTER JOIN __bookings AS b ON b.user_id = u.user_id GROUP BY u.user_id ), churn_calc AS ( SELECT COUNT(user_id) AS total_users, COUNT(CASE WHEN confirmed_bookings = 0 THEN user_id END) AS churned_users FROM user_bookings ) SELECT total_users, churned_users, total_users - churned_use",d8b4efd8-690f-4eff-93ff-4fd43fe17a6e
E1,TRUST_DEMO_SV_ONLYQ07,CHURN,2,200,sql,"(300, 140, 160, Decimal('0.466667'))","This is our interpretation of your question: What is the customer churn rate? Since the data model does not have explicit churn events or subscription end dates, I will approximate churn as the proportion of users who signed up but have no confirmed bookings. Churn rate = (users with no confirmed bookings) / (total registered users). This is calculated over the entire available time period.","WITH __users AS ( SELECT user_id FROM MISSION_OS_DB.TRUST_DEMO_DEV.USERS ), __bookings AS ( SELECT status, booking_id, user_id FROM MISSION_OS_DB.TRUST_DEMO_DEV.BOOKINGS ), user_bookings AS ( SELECT u.user_id, COUNT(CASE WHEN b.status = 'confirmed' THEN b.booking_id END) AS confirmed_bookings FROM __users AS u LEFT OUTER JOIN __bookings AS b ON b.user_id = u.user_id GROUP BY u.user_id ), churn_calc AS ( SELECT COUNT(user_id) AS total_users, COUNT(CASE WHEN confirmed_bookings = 0 THEN user_id END) AS churned_users FROM user_bookings ) SELECT total_users, churned_users, total_users - churned_use",4fe078f9-3422-435d-b49f-6748b6bc2e87
E1,TRUST_DEMO_SV_ONLYQ07,CHURN,3,200,sql,"(300, 140, Decimal('0.466667'))","This is our interpretation of your question: What is our customer churn rate? Since the data model does not have explicit churn events or subscription end dates, I will approximate churn as the proportion of users who signed up but have no confirmed bookings. Churn rate = (users with no confirmed bookings) / (total registered users). This is calculated over the entire available time period.","WITH __users AS ( SELECT user_id FROM MISSION_OS_DB.TRUST_DEMO_DEV.USERS ), __bookings AS ( SELECT status, booking_id, user_id FROM MISSION_OS_DB.TRUST_DEMO_DEV.BOOKINGS ), user_bookings AS ( SELECT u.user_id, COUNT(CASE WHEN b.status = 'confirmed' THEN b.booking_id END) AS confirmed_bookings FROM __users AS u LEFT OUTER JOIN __bookings AS b ON b.user_id = u.user_id GROUP BY u.user_id ), stats AS ( SELECT COUNT(user_id) AS total_users, COUNT(CASE WHEN confirmed_bookings = 0 THEN user_id END) AS churned_users FROM user_bookings ) SELECT total_users, churned_users, churned_users / NULLIF(NULLIF(",e72d1a0b-a37f-4e3e-b2ff-854784732887
E1,TRUST_DEMO_SV_ONLYQ07,CHURN,4,200,sql,"(300, 140, 160, Decimal('0.466667'))","This is our interpretation of your question: What is our customer churn rate? Since the data model does not have explicit churn events or subscription end dates, I will approximate churn as the proportion of users who signed up but have no confirmed bookings. Churn rate = (users with no confirmed bookings) / (total registered users). This is calculated over the entire available time period.","WITH __users AS ( SELECT user_id FROM MISSION_OS_DB.TRUST_DEMO_DEV.USERS ), __bookings AS ( SELECT status, booking_id, user_id FROM MISSION_OS_DB.TRUST_DEMO_DEV.BOOKINGS ), user_bookings AS ( SELECT u.user_id, COUNT(CASE WHEN b.status = 'confirmed' THEN b.booking_id END) AS confirmed_bookings FROM __users AS u LEFT OUTER JOIN __bookings AS b ON b.user_id = u.user_id GROUP BY u.user_id ), churn_calc AS ( SELECT COUNT(user_id) AS total_users, COUNT(CASE WHEN confirmed_bookings = 0 THEN user_id END) AS churned_users FROM user_bookings ) SELECT total_users, churned_users, total_users - churned_use",0cd5e8d3-de24-4ed4-bb10-16fe117e763a
E1,TRUST_DEMO_SV_ONLYQ07,CHURN,5,200,sql,"(300, 140, Decimal('0.466667'))","This is our interpretation of your question: What is our customer churn rate? Since the data model does not have explicit churn events or subscription end dates, I will approximate churn as the proportion of users who signed up but have no confirmed bookings. Churn rate = (users with no confirmed bookings) / (total registered users). This is calculated over the entire available time period.","WITH __users AS ( SELECT user_id FROM MISSION_OS_DB.TRUST_DEMO_DEV.USERS ), __bookings AS ( SELECT status, booking_id, user_id FROM MISSION_OS_DB.TRUST_DEMO_DEV.BOOKINGS ), user_bookings AS ( SELECT u.user_id, COUNT(CASE WHEN b.status = 'confirmed' THEN b.booking_id END) AS confirmed_bookings FROM __users AS u LEFT OUTER JOIN __bookings AS b ON b.user_id = u.user_id GROUP BY u.user_id ), stats AS ( SELECT COUNT(user_id) AS total_users, COUNT(CASE WHEN confirmed_bookings = 0 THEN user_id END) AS churned_users FROM user_bookings ) SELECT total_users, churned_users, churned_users / NULLIF(NULLIF(",c358573b-a97a-4cb5-be01-c7858cea3e68
E1,TRUST_DEMO_SV_ONLYQ08,CHURN,1,200,sql,"(300, 140, 160, Decimal('0.466667'))","This is our interpretation of your question: What is our customer churn rate? Since the available data does not include explicit churn events or subscription end dates, I will approximate churn as the proportion of users who signed up but have no confirmed bookings over the entire available time period. Churn rate = (users with no confirmed bookings) / (total registered users).","WITH __users AS ( SELECT user_id FROM MISSION_OS_DB.TRUST_DEMO_DEV.USERS ), __bookings AS ( SELECT status, booking_id, user_id FROM MISSION_OS_DB.TRUST_DEMO_DEV.BOOKINGS ), user_bookings AS ( SELECT u.user_id, COUNT(CASE WHEN b.status = 'confirmed' THEN b.booking_id END) AS confirmed_bookings FROM __users AS u LEFT OUTER JOIN __bookings AS b ON b.user_id = u.user_id GROUP BY u.user_id ) SELECT COUNT(user_id) AS total_users, COUNT(CASE WHEN confirmed_bookings = 0 THEN user_id END) AS churned_users, COUNT(CASE WHEN confirmed_bookings > 0 THEN user_id END) AS active_users, COUNT(CASE WHEN confirm",fddb55ac-a67b-477c-953b-c8ea0b2a62f1
E1,TRUST_DEMO_SV_ONLYQ08,CHURN,2,200,sql,"(300, 140, Decimal('0.466667'))","This is our interpretation of your question: What is our customer churn rate? Since the data model does not have explicit churn events or subscription end dates, I will approximate churn as the proportion of users who signed up but have no confirmed bookings. Churn rate = (users with no confirmed bookings) / (total registered users). This is calculated over the entire available time period.","WITH __users AS ( SELECT user_id FROM MISSION_OS_DB.TRUST_DEMO_DEV.USERS ), __bookings AS ( SELECT status, booking_id, user_id FROM MISSION_OS_DB.TRUST_DEMO_DEV.BOOKINGS ), user_bookings AS ( SELECT u.user_id, COUNT(CASE WHEN b.status = 'confirmed' THEN b.booking_id END) AS confirmed_bookings FROM __users AS u LEFT OUTER JOIN __bookings AS b ON b.user_id = u.user_id GROUP BY u.user_id ), stats AS ( SELECT COUNT(user_id) AS total_users, COUNT(CASE WHEN confirmed_bookings = 0 THEN user_id END) AS churned_users FROM user_bookings ) SELECT total_users, churned_users, churned_users / NULLIF(NULLIF(",48a6c073-0b7f-4e5d-a3ce-2f454a1cdf0c
E1,TRUST_DEMO_SV_ONLYQ08,CHURN,3,200,sql,"(300, 140, Decimal('0.466667'))","This is our interpretation of your question: What is our customer churn rate? Since the data model does not have explicit churn events or subscription end dates, I will approximate churn as the proportion of users who signed up but have no confirmed bookings. Churn rate = (users with no confirmed bookings) / (total registered users). This is calculated over the entire available time period.","WITH __users AS ( SELECT user_id FROM MISSION_OS_DB.TRUST_DEMO_DEV.USERS ), __bookings AS ( SELECT status, booking_id, user_id FROM MISSION_OS_DB.TRUST_DEMO_DEV.BOOKINGS ), user_bookings AS ( SELECT u.user_id, COUNT(CASE WHEN b.status = 'confirmed' THEN b.booking_id END) AS confirmed_bookings FROM __users AS u LEFT OUTER JOIN __bookings AS b ON b.user_id = u.user_id GROUP BY u.user_id ), summary AS ( SELECT COUNT(user_id) AS total_users, COUNT(CASE WHEN confirmed_bookings = 0 THEN user_id END) AS churned_users FROM user_bookings ) SELECT total_users, churned_users, churned_users / NULLIF(NULLI",f9c48dd6-13d3-4223-ad3a-be9c6544c549
E1,TRUST_DEMO_SV_ONLYQ08,CHURN,4,200,sql,"(300, 140, 160, Decimal('0.466667'))","This is our interpretation of your question: What is our customer churn rate? Since the data model does not have explicit churn events or subscription end dates, I will approximate churn as the proportion of users who signed up but have no confirmed bookings. Churn rate = (users with no confirmed bookings) / (total registered users). This is calculated over the entire available time period.","WITH __users AS ( SELECT user_id FROM MISSION_OS_DB.TRUST_DEMO_DEV.USERS ), __bookings AS ( SELECT status, booking_id, user_id FROM MISSION_OS_DB.TRUST_DEMO_DEV.BOOKINGS ), user_bookings AS ( SELECT u.user_id, COUNT(CASE WHEN b.status = 'confirmed' THEN b.booking_id END) AS confirmed_bookings FROM __users AS u LEFT OUTER JOIN __bookings AS b ON b.user_id = u.user_id GROUP BY u.user_id ), churn_calc AS ( SELECT COUNT(user_id) AS total_users, COUNT(CASE WHEN confirmed_bookings = 0 THEN user_id END) AS churned_users FROM user_bookings ) SELECT total_users, churned_users, total_users - churned_use",ab6d6163-471d-42d9-8925-af1142231d5b
E1,TRUST_DEMO_SV_ONLYQ08,CHURN,5,200,sql,"(300, 140, 160, Decimal('0.466667'))","This is our interpretation of your question: What is our customer churn rate? Since the available data does not include explicit churn events or subscription end dates, I will approximate churn rate as the proportion of users who signed up but have no confirmed bookings over the entire available time period. Churn rate = (users with no confirmed bookings) / (total registered users).","WITH __users AS ( SELECT user_id FROM MISSION_OS_DB.TRUST_DEMO_DEV.USERS ), __bookings AS ( SELECT status, booking_id, user_id FROM MISSION_OS_DB.TRUST_DEMO_DEV.BOOKINGS ), user_bookings AS ( SELECT u.user_id, COUNT(CASE WHEN b.status = 'confirmed' THEN b.booking_id END) AS confirmed_bookings FROM __users AS u LEFT OUTER JOIN __bookings AS b ON b.user_id = u.user_id GROUP BY u.user_id ) SELECT COUNT(user_id) AS total_users, COUNT(CASE WHEN confirmed_bookings = 0 THEN user_id END) AS churned_users, COUNT(CASE WHEN confirmed_bookings > 0 THEN user_id END) AS active_users, COUNT(CASE WHEN confirm",e3df779d-af10-4980-aeec-678ae5a316f5
E2,TRUST_DEMO_SV,LTV,1,200,suggestions,,"I'm sorry, but customer lifetime value (CLV) is not directly calculable from the available data model. CLV typically requires knowing the average revenue per customer, the average customer lifespan, and churn rate. While we do have revenue and booking data per user, we don't have data on customer churn, retention rates, or a defined customer lifespan, which are essential components for calculating",,cc68be7d-3b9d-42ad-9c25-925943df4415
E2,TRUST_DEMO_SV,LTV,2,200,suggestions,,"I'm sorry, but customer lifetime value (CLV) is not directly calculable from the available data model. CLV typically requires knowing the average revenue per customer over their entire relationship with the business, along with churn rates or customer lifespan. While we do have revenue from confirmed bookings and user data, the data model does not include information about customer churn, retentio",,8a89ce61-08e3-437b-9b43-a0fb76f9aba9
E2,TRUST_DEMO_SV,LTV,3,200,suggestions,,"I'm sorry, but customer lifetime value (CLV) is not directly calculable from the available data model. CLV typically requires knowing the average revenue per customer over their entire relationship with the business, along with churn rates or customer lifespan. While we do have revenue from confirmed bookings and user data, the data model does not include information about customer churn, retentio",,aaff0875-5bbc-4f3f-9c38-b9d2523ec987
E2,TRUST_DEMO_SV,LTV,4,200,suggestions,,"I'm sorry, but customer lifetime value (CLV) is not directly calculable from the available data model. CLV typically requires knowing the average revenue per customer over their entire relationship with the business, along with churn rate or customer lifespan. While we do have revenue from confirmed bookings and user data, the data model does not include information about customer churn, retention",,bf0f5498-76d8-45ef-a43b-7f9b9572330a
E2,TRUST_DEMO_SV,LTV,5,200,suggestions,,"I'm sorry, but customer lifetime value (CLV) is not directly calculable from the available data model. CLV typically requires knowing the average revenue per customer over their entire relationship with the business, along with churn rates or customer lifespan. While we do have revenue from confirmed bookings and user signup dates, we don't have data on customer churn, retention rates, or a define",,4a244b17-9e8c-4b0e-86b8-ed215c986733
E2,TRUST_DEMO_SV,NPS,1,200,suggestions,,"I'm sorry, but NPS (Net Promoter Score) cannot be calculated from the available data. The semantic model contains information about bookings, website sessions, and user registrations, but does not include any survey responses, customer satisfaction ratings, or promoter/detractor scores that would be needed to compute NPS.",,ce87bc7e-3b8b-4178-bccb-d7aff99456bc
E2,TRUST_DEMO_SV,NPS,2,200,suggestions,,"I'm sorry, but NPS (Net Promoter Score) cannot be calculated from the available data. The semantic model contains information about bookings, website sessions, and user registrations, but does not include any survey responses, customer satisfaction ratings, or promoter/detractor scores that would be needed to compute NPS.",,d69a83fe-7bc7-4bdd-8384-9edbaeb66376
E2,TRUST_DEMO_SV,NPS,3,200,suggestions,,"I'm sorry, but I'm unable to answer this question. NPS (Net Promoter Score) is a customer satisfaction metric typically derived from survey responses, which requires data about customer ratings or scores. The available data model only contains information about bookings, website sessions, and user registrations — there is no survey or satisfaction score data available to calculate NPS.",,ae460b97-e2b8-4f04-bcb1-fd432ee4bd7a
E2,TRUST_DEMO_SV,NPS,4,200,suggestions,,"I'm sorry, but NPS (Net Promoter Score) cannot be calculated from the available data. The semantic model contains information about bookings, website sessions, and user registrations, but does not include any survey responses, customer satisfaction ratings, or promoter/detractor scores that would be needed to compute NPS.",,9851109a-4122-4281-ae65-58acb81dfd9e
E2,TRUST_DEMO_SV,NPS,5,200,suggestions,,"I'm sorry, but I'm unable to answer this question. NPS (Net Promoter Score) is a customer satisfaction metric typically derived from survey responses, which requires data about customer ratings or scores. The available data model only contains information about bookings, website sessions, and user registrations — there is no survey or satisfaction score data available to calculate NPS.",,6f735e9a-44c6-44eb-aa6e-368abc22af81
E2,TRUST_DEMO_SV,RET,1,200,suggestions,,"I'm sorry, but the question about 90-day retention rate cannot be clearly answered with the available data. Retention rate typically requires tracking whether users who were active in one period return and are active again 90 days later. While the semantic model does have session data with dates and user IDs, the concept of '90-day retention rate' is ambiguous — it's unclear what event defines the",,c9adf869-7b4e-41b2-8a04-3f211d39ab76
E2,TRUST_DEMO_SV,RET,2,200,suggestions,,"I'm sorry, but the question about 90-day retention rate cannot be clearly answered with the available data. Retention rate typically requires tracking whether users who were active in one period return and are active again 90 days later. While the semantic model does have session data with dates and user IDs, the concept of '90-day retention rate' requires a specific definition of what counts as '",,8ef9ec3f-5d66-4012-be36-6848eae1271c
E2,TRUST_DEMO_SV,RET,3,200,suggestions,,"I'm sorry, but the question about 90-day retention rate cannot be clearly answered with the available data. Retention rate typically requires tracking whether users who were active in one period return and are active again 90 days later. While the semantic model has session data with dates and user IDs, the concept of '90-day retention' requires a specific definition of what counts as 'retained' (",,089d4fdc-0cac-44e0-bcc7-99afc41e1421
E2,TRUST_DEMO_SV,RET,4,200,suggestions,,"I'm sorry, but the question about 90-day retention rate cannot be clearly answered with the available data. Retention rate typically requires tracking whether users who were active in one period return and are active again 90 days later. While the semantic model does have session data with dates and user IDs, the concept of '90-day retention rate' requires a specific definition of what counts as '",,defbc4b2-cedf-447a-bbe7-d658bc00350a
E2,TRUST_DEMO_SV,RET,5,200,suggestions,,"I'm sorry, but the question about 90-day retention rate cannot be clearly answered with the available data. Retention rate typically requires tracking whether users who were active in one period return and are active again 90 days later. While the semantic model does have session data with dates and user IDs, the concept of '90-day retention rate' requires a specific definition of what counts as '",,e0c65f6f-4790-4082-a923-b844f80a4c82
E2,TRUST_DEMO_SV_ONLYQ09,LTV,1,200,sql,"(datetime.date(2026, 1, 1), datetime.date(2026, 6, 30), Decimal('23765.00'), 160, Decimal('148.53125000'))","This is our interpretation of your question: What is the average customer lifetime value (CLV), defined as total confirmed revenue divided by the number of distinct users who have made at least one confirmed booking, over the entire available time period?","WITH __bookings AS ( SELECT booking_date, status, user_id, amount FROM MISSION_OS_DB.TRUST_DEMO_DEV.BOOKINGS ) SELECT MIN(b.booking_date) AS start_date, MAX(b.booking_date) AS end_date, SUM(CASE WHEN b.status = 'confirmed' THEN b.amount END) AS total_revenue, COUNT(DISTINCT CASE WHEN b.status = 'confirmed' THEN b.user_id END) AS paying_customers, total_revenue / NULLIF(NULLIF(paying_customers, 0), 0) AS customer_lifetime_value FROM __bookings AS b -- Generated by Cortex Analyst (request_id: 7001910a-23f2-4d4c-8e3b-8c09e8ece8e0) ;",7001910a-23f2-4d4c-8e3b-8c09e8ece8e0
E2,TRUST_DEMO_SV_ONLYQ09,LTV,2,200,sql,"(datetime.date(2026, 1, 1), datetime.date(2026, 6, 30), Decimal('23765.00'), 160, Decimal('148.53125000'))","This is our interpretation of your question: What is the average customer lifetime value (CLV), calculated as total confirmed revenue divided by the number of distinct users who have made at least one confirmed booking?","WITH __bookings AS ( SELECT booking_date, status, user_id, amount FROM MISSION_OS_DB.TRUST_DEMO_DEV.BOOKINGS ) SELECT MIN(b.booking_date) AS start_date, MAX(b.booking_date) AS end_date, SUM(CASE WHEN b.status = 'confirmed' THEN b.amount END) AS total_revenue, COUNT(DISTINCT CASE WHEN b.status = 'confirmed' THEN b.user_id END) AS paying_customers, total_revenue / NULLIF(NULLIF(paying_customers, 0), 0) AS customer_lifetime_value FROM __bookings AS b -- Generated by Cortex Analyst (request_id: aae9eac8-4191-4c83-88ce-1fb2aae9734b) ;",aae9eac8-4191-4c83-88ce-1fb2aae9734b
E2,TRUST_DEMO_SV_ONLYQ09,LTV,3,200,sql,"(datetime.date(2026, 1, 1), datetime.date(2026, 6, 30), Decimal('23765.00'), 160, Decimal('148.53125000'))","This is our interpretation of your question: What is the average customer lifetime value (CLV), calculated as total confirmed revenue divided by the number of distinct users who have made at least one confirmed booking, over the entire available time period?","WITH __bookings AS ( SELECT booking_date, status, user_id, amount FROM MISSION_OS_DB.TRUST_DEMO_DEV.BOOKINGS ) SELECT MIN(b.booking_date) AS start_date, MAX(b.booking_date) AS end_date, SUM(CASE WHEN b.status = 'confirmed' THEN b.amount END) AS total_revenue, COUNT(DISTINCT CASE WHEN b.status = 'confirmed' THEN b.user_id END) AS paying_customers, total_revenue / NULLIF(NULLIF(paying_customers, 0), 0) AS avg_customer_lifetime_value FROM __bookings AS b -- Generated by Cortex Analyst (request_id: 808214b2-00ac-4f0a-91c9-6ff7fb0df111) ;",808214b2-00ac-4f0a-91c9-6ff7fb0df111
E2,TRUST_DEMO_SV_ONLYQ09,LTV,4,200,sql,"(datetime.date(2026, 1, 1), datetime.date(2026, 6, 30), Decimal('23765.00'), 160, Decimal('148.53125000'))","This is our interpretation of your question: What is the average customer lifetime value (CLV), calculated as total confirmed revenue divided by the number of distinct users who have made at least one confirmed booking?","WITH __bookings AS ( SELECT booking_date, status, user_id, amount FROM MISSION_OS_DB.TRUST_DEMO_DEV.BOOKINGS ) SELECT MIN(b.booking_date) AS start_date, MAX(b.booking_date) AS end_date, SUM(CASE WHEN b.status = 'confirmed' THEN b.amount END) AS total_revenue, COUNT(DISTINCT CASE WHEN b.status = 'confirmed' THEN b.user_id END) AS paying_customers, total_revenue / NULLIF(NULLIF(paying_customers, 0), 0) AS customer_lifetime_value FROM __bookings AS b -- Generated by Cortex Analyst (request_id: 0e358842-180a-432d-8963-b2662659df3c) ;",0e358842-180a-432d-8963-b2662659df3c
E2,TRUST_DEMO_SV_ONLYQ09,LTV,5,200,sql,"(datetime.date(2026, 1, 1), datetime.date(2026, 6, 30), Decimal('23765.00'), 160, Decimal('148.53125000'))","This is our interpretation of your question: What is the average customer lifetime value (CLV), calculated as total confirmed revenue divided by the number of distinct users who have made at least one confirmed booking?","WITH __bookings AS ( SELECT booking_date, status, user_id, amount FROM MISSION_OS_DB.TRUST_DEMO_DEV.BOOKINGS ) SELECT MIN(b.booking_date) AS start_date, MAX(b.booking_date) AS end_date, SUM(CASE WHEN b.status = 'confirmed' THEN b.amount END) AS total_revenue, COUNT(DISTINCT CASE WHEN b.status = 'confirmed' THEN b.user_id END) AS paying_customers, total_revenue / NULLIF(NULLIF(paying_customers, 0), 0) AS customer_lifetime_value FROM __bookings AS b -- Generated by Cortex Analyst (request_id: c762c12f-f5eb-4354-a5db-1ea9b164d9e2) ;",c762c12f-f5eb-4354-a5db-1ea9b164d9e2
E2,TRUST_DEMO_SV_ONLYQ09,NPS,1,200,suggestions,,"I'm sorry, but NPS (Net Promoter Score) cannot be calculated from the available data. The semantic model contains information about bookings, website sessions, and registered users, but does not include any survey responses, customer satisfaction ratings, or promoter/detractor scores that would be needed to compute NPS.",,e611e91f-84c1-42e1-a1aa-0e8da6718d06
E2,TRUST_DEMO_SV_ONLYQ09,NPS,2,200,suggestions,,"I'm sorry, but NPS (Net Promoter Score) cannot be calculated from the available data. The semantic model contains information about bookings, website sessions, and registered users, but does not include any survey responses, customer satisfaction ratings, or promoter/detractor scores that would be needed to compute NPS.",,0c3b5471-aa81-43e6-82e9-4b8e58c89d9b
E2,TRUST_DEMO_SV_ONLYQ09,NPS,3,200,suggestions,,"I'm sorry, but NPS (Net Promoter Score) cannot be calculated from the available data. The semantic model contains information about bookings, website sessions, and registered users, but does not include any survey responses, customer satisfaction ratings, or promoter/detractor scores that would be needed to compute NPS.",,1b95597c-f153-40ca-bc75-f367cb8398c0
E2,TRUST_DEMO_SV_ONLYQ09,NPS,4,200,suggestions,,"I'm sorry, but NPS (Net Promoter Score) cannot be calculated from the available data. The semantic model contains information about bookings, website sessions, and registered users, but does not include any survey responses, customer satisfaction ratings, or promoter/detractor scores that would be needed to compute NPS.",,a31a464d-de63-4463-b732-418920503611
E2,TRUST_DEMO_SV_ONLYQ09,NPS,5,200,suggestions,,"I'm sorry, but NPS (Net Promoter Score) cannot be calculated from the available data. The semantic model contains information about bookings, website sessions, and user registrations, but does not include any survey responses, customer satisfaction ratings, or promoter/detractor scores that would be needed to compute NPS.",,212d88c2-6e53-4def-a07d-9424a5658112
E2,TRUST_DEMO_SV_ONLYQ09,RET,1,200,sql,"(300, 87, Decimal('0.290000'))","This is our interpretation of your question: What is our 90-day retention rate? This is defined as the proportion of users who signed up and then made a confirmed booking within 90 days of their signup date, out of all registered users.","WITH __bookings AS ( SELECT booking_date, status, user_id FROM MISSION_OS_DB.TRUST_DEMO_DEV.BOOKINGS ), __users AS ( SELECT signup_date, user_id FROM MISSION_OS_DB.TRUST_DEMO_DEV.USERS ), user_first_booking AS ( SELECT b.user_id, MIN(b.booking_date) AS first_booking_date FROM __bookings AS b WHERE b.status = 'confirmed' GROUP BY b.user_id ), retention AS ( SELECT u.user_id, u.signup_date, ufb.first_booking_date, CASE WHEN DATEDIFF(DAY, u.signup_date, ufb.first_booking_date) <= 90 THEN 1 ELSE 0 END AS retained_90d FROM __users AS u LEFT OUTER JOIN user_first_booking AS ufb ON u.user_id = ufb.us",06fb7988-ba05-49f8-a751-b68c7ab294de
E2,TRUST_DEMO_SV_ONLYQ09,RET,2,200,sql,"(300, 216, Decimal('0.720000'))","This is our interpretation of your question: What is our 90-day retention rate? This is defined as the proportion of users who signed up and then had at least one session (or booking) within 90 days of their signup date, out of all users who signed up at least 90 days ago (so they had the opportunity to be retained).","WITH __users AS ( SELECT signup_date, user_id FROM MISSION_OS_DB.TRUST_DEMO_DEV.USERS ), __sessions AS ( SELECT session_date, user_id FROM MISSION_OS_DB.TRUST_DEMO_DEV.SESSIONS ), eligible_users AS ( SELECT u.user_id, u.signup_date FROM __users AS u WHERE u.signup_date <= DATEADD(DAY, -90, CURRENT_DATE) ), retained_users AS ( SELECT DISTINCT s.user_id FROM __sessions AS s JOIN eligible_users AS eu ON s.user_id = eu.user_id AND s.session_date > eu.signup_date AND s.session_date <= DATEADD(DAY, 90, eu.signup_date) ) SELECT COUNT(eu.user_id) AS eligible_user_count, COUNT(ru.user_id) AS retained_u",84fcfb4f-3ee4-44b8-b9c2-bca5d8f96240
E2,TRUST_DEMO_SV_ONLYQ09,RET,3,200,sql,"(300, 87, Decimal('0.290000'))","This is our interpretation of your question: What is our 90-day retention rate? This is defined as the proportion of users who made a confirmed booking within 90 days of their signup date, out of all registered users.","WITH __bookings AS ( SELECT booking_date, status, user_id FROM MISSION_OS_DB.TRUST_DEMO_DEV.BOOKINGS ), __users AS ( SELECT signup_date, user_id FROM MISSION_OS_DB.TRUST_DEMO_DEV.USERS ), user_first_booking AS ( SELECT b.user_id, MIN(b.booking_date) AS first_booking_date FROM __bookings AS b WHERE b.status = 'confirmed' GROUP BY b.user_id ), retention AS ( SELECT u.user_id, u.signup_date, ufb.first_booking_date, CASE WHEN DATEDIFF(DAY, u.signup_date, ufb.first_booking_date) <= 90 THEN 1 ELSE 0 END AS retained_within_90d FROM __users AS u LEFT OUTER JOIN user_first_booking AS ufb ON u.user_id =",d31cfd2a-f0e4-465c-8d5c-53ce4cfdda48
E2,TRUST_DEMO_SV_ONLYQ09,RET,4,200,sql,"(300, 216, Decimal('0.720000'))","This is our interpretation of your question: What is our 90-day retention rate? This is defined as the proportion of users who signed up and then had at least one session (or booking) within 90 days of their signup date, out of all users who signed up at least 90 days ago (so they had the opportunity to be retained). Retention is measured by whether the user had at least one session within 90 days","WITH __users AS ( SELECT signup_date, user_id FROM MISSION_OS_DB.TRUST_DEMO_DEV.USERS ), __sessions AS ( SELECT session_date, user_id FROM MISSION_OS_DB.TRUST_DEMO_DEV.SESSIONS ), eligible_users AS ( SELECT u.user_id, u.signup_date FROM __users AS u WHERE u.signup_date <= DATEADD(DAY, -90, CURRENT_DATE) ), retained_users AS ( SELECT DISTINCT s.user_id FROM __sessions AS s JOIN eligible_users AS eu ON s.user_id = eu.user_id AND s.session_date >= eu.signup_date AND s.session_date <= DATEADD(DAY, 90, eu.signup_date) ) SELECT COUNT(eu.user_id) AS total_eligible_users, COUNT(ru.user_id) AS retained",636f5433-cb9d-4071-aff8-5d8f9bb7fe09
E2,TRUST_DEMO_SV_ONLYQ09,RET,5,200,sql,"(300, 216, Decimal('0.720000'))","This is our interpretation of your question: What is our 90-day retention rate? This is defined as the proportion of users who signed up and then had at least one session (or booking) within 90 days of their signup date, out of all users who signed up at least 90 days ago (so they had the opportunity to be retained).","WITH __users AS ( SELECT signup_date, user_id FROM MISSION_OS_DB.TRUST_DEMO_DEV.USERS ), __sessions AS ( SELECT session_date, user_id FROM MISSION_OS_DB.TRUST_DEMO_DEV.SESSIONS ), eligible_users AS ( SELECT u.user_id, u.signup_date FROM __users AS u WHERE u.signup_date <= DATEADD(DAY, -90, CURRENT_DATE) ), retained_users AS ( SELECT DISTINCT s.user_id FROM __sessions AS s JOIN eligible_users AS eu ON s.user_id = eu.user_id AND s.session_date >= eu.signup_date AND s.session_date <= DATEADD(DAY, 90, eu.signup_date) ) SELECT COUNT(eu.user_id) AS total_eligible_users, COUNT(ru.user_id) AS retained",7a54021b-6bd9-4d7e-9261-a0dbdfec73fd
E3,TRUST_DEMO_SV_ONLYQ09_RULE,CHURN,1,200,sql,"(166, 134, 300, Decimal('0.553333'))","This is our interpretation of your question: Customer churn rate cannot be computed from the available governed metrics and schema. The semantic model contains bookings, sessions, and users tables, but there is no churn event, cancellation date, or subscription end date defined. The governed metrics only include: confirmed bookings count, revenue, active users, and session count. Without a churn d","WITH __users AS ( SELECT plan, user_id FROM MISSION_OS_DB.TRUST_DEMO_DEV.USERS ) SELECT COUNT(CASE WHEN u.plan = 'free' THEN u.user_id END) AS free_users, COUNT(CASE WHEN u.plan <> 'free' THEN u.user_id END) AS paying_users, COUNT(u.user_id) AS total_users, COUNT(CASE WHEN u.plan = 'free' THEN u.user_id END) / NULLIF(NULLIF(COUNT(u.user_id), 0), 0) AS free_user_rate FROM __users AS u -- Generated by Cortex Analyst (request_id: 372d8e61-a511-45f1-a80a-f981a87a42d9) ;",372d8e61-a511-45f1-a80a-f981a87a42d9
E3,TRUST_DEMO_SV_ONLYQ09_RULE,CHURN,2,200,sql,"(166, 134, 300, Decimal('0.553333'))","This is our interpretation of your question: Customer churn rate cannot be computed from the available governed metrics and schema. The semantic model contains bookings, sessions, and users tables, but there is no churn event, cancellation date, or subscription end date defined. The governed metrics only include: confirmed bookings count, revenue, active users, and session count. Without a churn d","WITH __users AS ( SELECT plan, user_id FROM MISSION_OS_DB.TRUST_DEMO_DEV.USERS ) SELECT COUNT(CASE WHEN u.plan = 'free' THEN u.user_id END) AS free_users, COUNT(CASE WHEN u.plan <> 'free' THEN u.user_id END) AS paying_users, COUNT(u.user_id) AS total_users, COUNT(CASE WHEN u.plan = 'free' THEN u.user_id END) / NULLIF(NULLIF(COUNT(u.user_id), 0), 0) AS free_user_rate FROM __users AS u -- Generated by Cortex Analyst (request_id: c4cee3ca-0290-436c-a802-4bc2cba584fa) ;",c4cee3ca-0290-436c-a802-4bc2cba584fa
E3,TRUST_DEMO_SV_ONLYQ09_RULE,CHURN,3,200,sql,"(166, 134, 300, Decimal('0.553333'))","This is our interpretation of your question: Customer churn rate cannot be computed from the available governed metrics and schema. The semantic model contains bookings, sessions, and users tables, but there is no churn event, cancellation date, or subscription end date defined. The governed metrics only include: confirmed bookings count, revenue, active users, and session count. Without a churn d","WITH __users AS ( SELECT plan, user_id FROM MISSION_OS_DB.TRUST_DEMO_DEV.USERS ) SELECT COUNT(CASE WHEN u.plan = 'free' THEN u.user_id END) AS free_users, COUNT(CASE WHEN u.plan <> 'free' THEN u.user_id END) AS paying_users, COUNT(u.user_id) AS total_users, COUNT(CASE WHEN u.plan = 'free' THEN u.user_id END) / NULLIF(NULLIF(COUNT(u.user_id), 0), 0) AS free_user_rate FROM __users AS u -- Generated by Cortex Analyst (request_id: 2ba064f3-9017-41f8-b22d-cecbb5b5df10) ;",2ba064f3-9017-41f8-b22d-cecbb5b5df10
E3,TRUST_DEMO_SV_ONLYQ09_RULE,CHURN,4,200,sql,"(166, 134, 300, Decimal('0.553333'))","This is our interpretation of your question: Customer churn rate cannot be computed from the available governed metrics and schema. The semantic model contains bookings, sessions, and users tables, but there is no churn event, cancellation date, or subscription end date defined. The governed metrics only include: confirmed bookings count, revenue, active users, and session count. Without a churn d","WITH __users AS ( SELECT plan, user_id FROM MISSION_OS_DB.TRUST_DEMO_DEV.USERS ) SELECT COUNT(CASE WHEN u.plan = 'free' THEN u.user_id END) AS free_users, COUNT(CASE WHEN u.plan <> 'free' THEN u.user_id END) AS paying_users, COUNT(u.user_id) AS total_users, COUNT(CASE WHEN u.plan = 'free' THEN u.user_id END) / NULLIF(NULLIF(COUNT(u.user_id), 0), 0) AS free_user_rate FROM __users AS u -- Generated by Cortex Analyst (request_id: 43fa8423-8564-4eac-a5e3-8a4ac7f68364) ;",43fa8423-8564-4eac-a5e3-8a4ac7f68364
E3,TRUST_DEMO_SV_ONLYQ09_RULE,CHURN,5,200,sql,"(31, 276, Decimal('0.112319'))","This is our interpretation of your question: Customer churn rate cannot be computed from the available governed metrics and data model. The semantic model contains bookings, sessions, and users tables, but there is no churn event, cancellation date, or subscription end date defined. The governed metrics only include: confirmed bookings count, revenue, active users, and session count. Without a chu","WITH __bookings AS ( SELECT status, booking_id FROM MISSION_OS_DB.TRUST_DEMO_DEV.BOOKINGS ) SELECT COUNT(CASE WHEN b.status = 'cancelled' THEN b.booking_id END) AS cancelled_bookings, COUNT(b.booking_id) AS total_bookings, COUNT(CASE WHEN b.status = 'cancelled' THEN b.booking_id END) / NULLIF(NULLIF(COUNT(b.booking_id), 0), 0) AS cancellation_rate FROM __bookings AS b -- Generated by Cortex Analyst (request_id: 7c6dcd15-86ab-4542-bb9b-5c01d0dcffa3) ;",7c6dcd15-86ab-4542-bb9b-5c01d0dcffa3
