cell,view,q,run,turn,http,kind,value,text,sql,request_id
F1,TRUST_DEMO_SV,What is our customer churn rate?,1,1,200,suggestions,,"I'm sorry, but customer churn rate cannot be calculated from the available data. Churn rate typically requires tracking whether existing customers have stopped using the service over a given period (e.g., customers who were active in a previous period but not in the current one). While the data model contains information about users, sessions, and bookings, there is no concept of 'churned' customers defined — for example, there is no subscription end date, cancellation event, or activity threshold that would allow us to determine when a customer has churned. Could you clarify how you define ch",,e91d8b9f-cd62-44ed-8bb5-e86e0f289e1f
F1,TRUST_DEMO_SV,What is our customer churn rate?,2,1,200,suggestions,,"I'm sorry, but I'm unable to calculate customer churn rate with the available data. Churn rate typically requires identifying customers who were active in a previous period but did not return in a subsequent period. While the data model contains information about users, sessions, and bookings, there is no specific metric or dimension that tracks customer retention or churn over time. Additionally, the question does not specify a time period or define what 'churned' means in this context (e.g., no booking in the last 30 days, no session in the last quarter, etc.). Could you clarify what definit",,d99f84a9-289a-41b0-97b8-631e790b091e
F1,TRUST_DEMO_SV,What is our customer churn rate?,3,1,200,suggestions,,"I'm sorry, but I'm unable to calculate customer churn rate with the available data. Churn rate typically requires identifying customers who were active in a previous period but did not return in a subsequent period. While the data model contains information about users, sessions, and bookings, there is no specific metric or dimension that tracks customer retention or churn over time. Additionally, the question does not specify a time period or define what 'churned' means in this context (e.g., no booking in the last 30 days, no session in the last quarter, etc.). Could you clarify what definit",,6efd4d20-8115-46de-b315-390cd8b9005f
F1,TRUST_DEMO_SV,What is our customer churn rate?,4,1,200,suggestions,,"I'm sorry, but I'm unable to answer this question with the available data. Customer churn rate typically requires tracking whether existing customers stopped using the service over a given period. While the data model contains information about users, sessions, and bookings, there is no concept of 'churned' users (e.g., users who were active in a previous period but not in a current period) explicitly defined, and more importantly, there is no clear definition provided for what constitutes 'churn' in this context — for example, whether churn means no sessions, no bookings, or account cancellat",,d81bfcd9-9c1c-4a01-8a3d-b7c943bf06e1
F1,TRUST_DEMO_SV,What is our customer churn rate?,5,1,200,suggestions,,"I'm sorry, but I'm unable to answer this question with the available data. Customer churn rate typically requires tracking whether existing customers have stopped using the service over a defined period (e.g., users who were active in a previous period but not in the current period). While the data model contains information about users, sessions, and bookings, there is no explicit 'churn' indicator or subscription lifecycle data (such as cancellation dates or renewal status) that would allow a standard churn rate calculation. Additionally, the question does not specify a time period over whic",,dfbf9806-352e-4811-abfb-88b2f0cd7c67
F2,TRUST_DEMO_SV_ONLYQ09,What is our customer churn rate?,1,1,200,sql,"(300, 140, Decimal('0.466667'))","This is our interpretation of your question: What is our customer churn rate? Interpreted as: the proportion of users who have never made a confirmed booking (i.e., have not converted to paying customers), as a proxy for churn/non-activation. Since there is no explicit churn event or cancellation date in the data model, churn rate is approximated as the percentage of registered users who have no confirmed bookings out of all registered users.","WITH __users AS ( SELECT user_id FROM MISSION_OS_DB.TRUST_DEMO_DEV.USERS ), __bookings AS ( SELECT status, booking_id, user_id FROM MISSION_OS_DB.TRUST_DEMO_DEV.BOOKINGS ), user_bookings AS ( SELECT u.user_id, COUNT(CASE WHEN b.status = 'confirmed' THEN b.booking_id END) AS confirmed_bookings FROM __users AS u LEFT OUTER JOIN __bookings AS b ON b.user_id = u.user_id GROUP BY u.user_id ) SELECT COUNT(user_id) AS total_users, SUM(CASE WHEN confirmed_bookings = 0 THEN 1 ELSE 0 END) AS churned_users, SUM(CASE WHEN confirmed_bookings = 0 THEN 1 ELSE 0 END) / NULLIF(NULLIF(COUNT(user_id), 0), 0) AS ",c09cc2d5-111f-4da5-ad85-1ea311a6a4e5
F2,TRUST_DEMO_SV_ONLYQ09,What is our customer churn rate?,2,1,200,sql,"(300, 140, Decimal('0.466667'))","This is our interpretation of your question: What is our customer churn rate? Since there is no explicit churn event table, I will approximate churn as the proportion of registered users who have no confirmed bookings. Churn rate = users with no confirmed bookings / total users.","WITH __users AS ( SELECT user_id FROM MISSION_OS_DB.TRUST_DEMO_DEV.USERS ), __bookings AS ( SELECT status, booking_id, user_id FROM MISSION_OS_DB.TRUST_DEMO_DEV.BOOKINGS ), user_bookings AS ( SELECT u.user_id, COUNT(CASE WHEN b.status = 'confirmed' THEN b.booking_id END) AS confirmed_bookings FROM __users AS u LEFT OUTER JOIN __bookings AS b ON b.user_id = u.user_id GROUP BY u.user_id ) SELECT COUNT(user_id) AS total_users, COUNT(CASE WHEN confirmed_bookings = 0 THEN user_id END) AS churned_users, COUNT(CASE WHEN confirmed_bookings = 0 THEN user_id END) / NULLIF(NULLIF(COUNT(user_id), 0), 0) A",3f13f5c7-efdb-4029-9841-8a87a3d330b7
F2,TRUST_DEMO_SV_ONLYQ09,What is our customer churn rate?,3,1,200,sql,"(300, 140, 160, Decimal('0.466667'))","This is our interpretation of your question: What is our customer churn rate? Interpreted as: the proportion of users who have never made a confirmed booking (i.e., have not converted/retained as paying customers) out of all registered users. Note: the data model does not have explicit churn events or subscription cancellation dates, so churn rate is approximated as the percentage of registered users who have no confirmed bookings.","WITH __users AS ( SELECT user_id FROM MISSION_OS_DB.TRUST_DEMO_DEV.USERS ), __bookings AS ( SELECT status, booking_id, user_id FROM MISSION_OS_DB.TRUST_DEMO_DEV.BOOKINGS ), user_bookings AS ( SELECT u.user_id, COUNT(CASE WHEN b.status = 'confirmed' THEN b.booking_id END) AS confirmed_bookings FROM __users AS u LEFT OUTER JOIN __bookings AS b ON b.user_id = u.user_id GROUP BY u.user_id ) SELECT COUNT(user_id) AS total_users, SUM(CASE WHEN confirmed_bookings = 0 THEN 1 ELSE 0 END) AS churned_users, SUM(CASE WHEN confirmed_bookings > 0 THEN 1 ELSE 0 END) AS retained_users, SUM(CASE WHEN confirmed",1dd6332a-262e-4f5c-b339-8c40689372b3
F2,TRUST_DEMO_SV_ONLYQ09,What is our customer churn rate?,4,1,200,sql,"(300, 140, 160, Decimal('0.466667'))","This is our interpretation of your question: What is our customer churn rate? Since there is no explicit churn event table, I will approximate churn rate as the proportion of users who have never made a confirmed booking (i.e., users who signed up but have no confirmed bookings), out of all registered users. This is a proxy for churn/non-conversion rate.","WITH __users AS ( SELECT user_id FROM MISSION_OS_DB.TRUST_DEMO_DEV.USERS ), __bookings AS ( SELECT status, booking_id, user_id FROM MISSION_OS_DB.TRUST_DEMO_DEV.BOOKINGS ), user_bookings AS ( SELECT u.user_id, COUNT(CASE WHEN b.status = 'confirmed' THEN b.booking_id END) AS confirmed_bookings FROM __users AS u LEFT OUTER JOIN __bookings AS b ON b.user_id = u.user_id GROUP BY u.user_id ) SELECT COUNT(user_id) AS total_users, SUM(CASE WHEN confirmed_bookings = 0 THEN 1 ELSE 0 END) AS users_never_booked, SUM(CASE WHEN confirmed_bookings > 0 THEN 1 ELSE 0 END) AS users_with_bookings, SUM(CASE WHEN",a5b14317-38ae-4c47-aa35-e8a0db90f30d
F2,TRUST_DEMO_SV_ONLYQ09,What is our customer churn rate?,5,1,200,sql,"(300, 140, Decimal('0.466667'))","This is our interpretation of your question: What is our customer churn rate? Interpreted as: the proportion of users who have never made a confirmed booking (i.e., have not converted to paying customers), as a proxy for churn/non-activation. Since there is no explicit churn event or cancellation date in the data model, churn rate is approximated as the percentage of registered users who have no confirmed bookings out of all registered users.","WITH __users AS ( SELECT user_id FROM MISSION_OS_DB.TRUST_DEMO_DEV.USERS ), __bookings AS ( SELECT status, booking_id, user_id FROM MISSION_OS_DB.TRUST_DEMO_DEV.BOOKINGS ), user_bookings AS ( SELECT u.user_id, COUNT(CASE WHEN b.status = 'confirmed' THEN b.booking_id END) AS confirmed_bookings FROM __users AS u LEFT OUTER JOIN __bookings AS b ON b.user_id = u.user_id GROUP BY u.user_id ) SELECT COUNT(user_id) AS total_users, SUM(CASE WHEN confirmed_bookings = 0 THEN 1 ELSE 0 END) AS churned_users, SUM(CASE WHEN confirmed_bookings = 0 THEN 1 ELSE 0 END) / NULLIF(NULLIF(COUNT(user_id), 0), 0) AS ",53d11ef0-a36d-4bd0-99b5-b729285d9594
F2-ctrl,TRUST_DEMO_SV_ONLYQ04,What is our customer churn rate?,1,1,200,suggestions,,"I'm sorry, but customer churn rate cannot be calculated from the available data. Churn rate typically requires tracking whether existing customers have stopped using the service over a given period (e.g., customers who were active in a previous period but not in the current period). While the data model contains information about users, sessions, and bookings, there is no concept of 'churned' users defined — for example, there is no subscription end date, cancellation event, or activity threshold defined to determine when a user is considered churned. Could you clarify how you define churn (e.",,4f086099-dcd1-41a2-967f-c43095dea538
F2-ctrl,TRUST_DEMO_SV_ONLYQ04,What is our customer churn rate?,2,1,200,suggestions,,"I'm sorry, but customer churn rate cannot be calculated from the available data. Churn rate typically requires tracking whether existing customers have stopped using the service over a given period (e.g., customers who were active in a previous period but not in the current period). While the data model contains information about users, sessions, and bookings, there is no concept of 'churned' users defined — for example, there is no subscription end date, cancellation event, or activity threshold that would allow us to determine when a user has churned. Could you clarify how you define churn (",,cf217311-e63a-4281-977c-522e50762bad
F2-ctrl,TRUST_DEMO_SV_ONLYQ04,What is our customer churn rate?,3,1,200,suggestions,,"I'm sorry, but customer churn rate cannot be calculated from the available data. Churn rate typically requires tracking whether existing customers have stopped using the service over a given period (e.g., customers who were active in a previous period but not in the current period). While the data model contains information about users, sessions, and bookings, there is no concept of 'churned' users defined — for example, there is no subscription end date, cancellation event, or activity threshold that would allow us to determine when a user has churned. Could you clarify how you define churn (",,34a66267-9daf-43b7-8885-3cb547439485
F2-ctrl,TRUST_DEMO_SV_ONLYQ04,What is our customer churn rate?,4,1,200,suggestions,,"I'm sorry, but customer churn rate cannot be calculated from the available data. Churn rate typically requires tracking whether existing customers have stopped using the service over a given period (e.g., customers who were active in a previous period but not in the current period). While the data model contains information about users, sessions, and bookings, there is no concept of 'churned' users defined — for example, there is no subscription end date, cancellation event, or activity threshold defined to determine when a user is considered churned. Could you clarify how you'd like to define",,7293fceb-2884-4f11-b91b-55c818813565
F2-ctrl,TRUST_DEMO_SV_ONLYQ04,What is our customer churn rate?,5,1,200,suggestions,,"I'm sorry, but customer churn rate cannot be calculated from the available data. Churn rate typically requires tracking whether existing customers have stopped using the service over a given period (e.g., customers who were active in a previous period but not in the current one). While the data model contains information about users, sessions, and bookings, there is no concept of 'churned' users defined — for example, there is no subscription end date, cancellation event, or activity threshold that would allow us to determine when a user has churned. Could you clarify how you define churn (e.g",,f4b066dc-3e94-49ee-aaa0-91091990d527
F2-alt,TRUST_DEMO_SV_ONLYQ08,What is our customer churn rate?,1,1,200,sql,"(300, 140, 160, Decimal('0.466667'))","This is our interpretation of your question: What is our customer churn rate? Since the data model does not have explicit churn events or subscription end dates, I will approximate churn as the proportion of users who signed up but have no confirmed bookings. Churn rate = (users with no confirmed bookings) / (total registered users). This is calculated over the entire available time period.","WITH __users AS ( SELECT user_id FROM MISSION_OS_DB.TRUST_DEMO_DEV.USERS ), __bookings AS ( SELECT status, booking_id, user_id FROM MISSION_OS_DB.TRUST_DEMO_DEV.BOOKINGS ), user_bookings AS ( SELECT u.user_id, COUNT(CASE WHEN b.status = 'confirmed' THEN b.booking_id END) AS confirmed_bookings FROM __users AS u LEFT OUTER JOIN __bookings AS b ON b.user_id = u.user_id GROUP BY u.user_id ), stats AS ( SELECT COUNT(user_id) AS total_users, COUNT(CASE WHEN confirmed_bookings = 0 THEN user_id END) AS churned_users FROM user_bookings ) SELECT total_users, churned_users, total_users - churned_users AS",86712e5c-7d6e-4af8-a37e-f15e104f347f
F2-alt,TRUST_DEMO_SV_ONLYQ08,What is our customer churn rate?,2,1,200,sql,"(300, 140, 160, Decimal('0.466667'))","This is our interpretation of your question: What is our customer churn rate? Since the available data does not include explicit churn events or subscription end dates, I will approximate churn as the proportion of users who signed up but have no confirmed bookings. Churn rate = (users with no confirmed bookings) / (total registered users).","WITH __users AS ( SELECT user_id FROM MISSION_OS_DB.TRUST_DEMO_DEV.USERS ), __bookings AS ( SELECT status, booking_id, user_id FROM MISSION_OS_DB.TRUST_DEMO_DEV.BOOKINGS ), user_bookings AS ( SELECT u.user_id, COUNT(CASE WHEN b.status = 'confirmed' THEN b.booking_id END) AS confirmed_bookings FROM __users AS u LEFT OUTER JOIN __bookings AS b ON b.user_id = u.user_id GROUP BY u.user_id ) SELECT COUNT(user_id) AS total_users, SUM(CASE WHEN confirmed_bookings = 0 THEN 1 ELSE 0 END) AS churned_users, SUM(CASE WHEN confirmed_bookings > 0 THEN 1 ELSE 0 END) AS active_users, SUM(CASE WHEN confirmed_b",a9202e07-a028-4eb5-bf95-9e122c4c7519
F2-alt,TRUST_DEMO_SV_ONLYQ08,What is our customer churn rate?,3,1,200,sql,"(300, 140, 160, Decimal('0.466667'))","This is our interpretation of your question: What is our customer churn rate? Since the data model does not have explicit churn events or subscription end dates, I will approximate churn as the proportion of users who signed up but have no confirmed bookings. Churn rate = (users with no confirmed bookings) / (total registered users). This is calculated over the entire available time period.","WITH __users AS ( SELECT user_id FROM MISSION_OS_DB.TRUST_DEMO_DEV.USERS ), __bookings AS ( SELECT status, booking_id, user_id FROM MISSION_OS_DB.TRUST_DEMO_DEV.BOOKINGS ), user_bookings AS ( SELECT u.user_id, COUNT(CASE WHEN b.status = 'confirmed' THEN b.booking_id END) AS confirmed_bookings FROM __users AS u LEFT OUTER JOIN __bookings AS b ON b.user_id = u.user_id GROUP BY u.user_id ), churn_calc AS ( SELECT COUNT(user_id) AS total_users, COUNT(CASE WHEN confirmed_bookings = 0 THEN user_id END) AS churned_users FROM user_bookings ) SELECT total_users, churned_users, total_users - churned_use",8f61ebdb-7970-4abd-9cbd-155cb17070b8
F2-alt,TRUST_DEMO_SV_ONLYQ08,What is our customer churn rate?,4,1,200,sql,"(300, 140, 160, Decimal('0.466667'))","This is our interpretation of your question: What is our customer churn rate? Since the data model does not have explicit churn events or subscription end dates, I will approximate churn as the proportion of users who signed up but have no confirmed bookings. Churn rate = (users with no confirmed bookings) / (total registered users). This is calculated over the entire available time period.","WITH __users AS ( SELECT user_id FROM MISSION_OS_DB.TRUST_DEMO_DEV.USERS ), __bookings AS ( SELECT status, booking_id, user_id FROM MISSION_OS_DB.TRUST_DEMO_DEV.BOOKINGS ), user_bookings AS ( SELECT u.user_id, COUNT(CASE WHEN b.status = 'confirmed' THEN b.booking_id END) AS confirmed_bookings FROM __users AS u LEFT OUTER JOIN __bookings AS b ON b.user_id = u.user_id GROUP BY u.user_id ), churn_calc AS ( SELECT COUNT(user_id) AS total_users, COUNT(CASE WHEN confirmed_bookings = 0 THEN user_id END) AS churned_users FROM user_bookings ) SELECT total_users, churned_users, total_users - churned_use",d7ac64cf-0ef6-4d9d-9377-1d57e4cc88b2
F2-alt,TRUST_DEMO_SV_ONLYQ08,What is our customer churn rate?,5,1,200,sql,"(300, 140, 160, Decimal('0.466667'))","This is our interpretation of your question: What is our customer churn rate? Since the available data does not include explicit churn events or subscription end dates, I will approximate churn rate as the proportion of users who signed up but have no confirmed bookings (i.e., never converted or became inactive). Churn rate = (users with no confirmed bookings) / (total registered users). This is calculated over the entire available time period.","WITH __users AS ( SELECT user_id FROM MISSION_OS_DB.TRUST_DEMO_DEV.USERS ), __bookings AS ( SELECT status, booking_id, user_id FROM MISSION_OS_DB.TRUST_DEMO_DEV.BOOKINGS ), user_bookings AS ( SELECT u.user_id, COUNT(CASE WHEN b.status = 'confirmed' THEN b.booking_id END) AS confirmed_bookings FROM __users AS u LEFT OUTER JOIN __bookings AS b ON b.user_id = u.user_id GROUP BY u.user_id ), churn_summary AS ( SELECT COUNT(user_id) AS total_users, COUNT(CASE WHEN confirmed_bookings = 0 THEN user_id END) AS churned_users FROM user_bookings ) SELECT total_users, churned_users, ( total_users - churne",4b233939-ebcb-4ed7-b500-259c5abbe2ae
F2-LTV,TRUST_DEMO_SV_ONLYQ09,What is our customer lifetime value?,1,1,200,sql,"(datetime.date(2026, 1, 1), datetime.date(2026, 6, 30), Decimal('23765.00'), 160, Decimal('148.53125000'))","This is our interpretation of your question: What is the average customer lifetime value (CLV), calculated as total confirmed revenue divided by the number of distinct users who have made at least one confirmed booking?","WITH __bookings AS ( SELECT booking_date, status, user_id, amount FROM MISSION_OS_DB.TRUST_DEMO_DEV.BOOKINGS ) SELECT MIN(b.booking_date) AS start_date, MAX(b.booking_date) AS end_date, SUM(CASE WHEN b.status = 'confirmed' THEN b.amount END) AS total_revenue, COUNT(DISTINCT CASE WHEN b.status = 'confirmed' THEN b.user_id END) AS paying_customers, total_revenue / NULLIF(NULLIF(paying_customers, 0), 0) AS customer_lifetime_value FROM __bookings AS b -- Generated by Cortex Analyst (request_id: 6485c2a9-46a2-4d04-b40a-4b8a57cbc918) ;",6485c2a9-46a2-4d04-b40a-4b8a57cbc918
F2-LTV,TRUST_DEMO_SV_ONLYQ09,What is our customer lifetime value?,2,1,200,sql,"(datetime.date(2026, 1, 1), datetime.date(2026, 6, 30), Decimal('23765.00'), 160, Decimal('148.53125000'))","This is our interpretation of your question: What is the average customer lifetime value (CLV), calculated as total confirmed revenue divided by the number of distinct users who have made at least one confirmed booking?","WITH __bookings AS ( SELECT booking_date, status, user_id, amount FROM MISSION_OS_DB.TRUST_DEMO_DEV.BOOKINGS ) SELECT MIN(b.booking_date) AS start_date, MAX(b.booking_date) AS end_date, SUM(CASE WHEN b.status = 'confirmed' THEN b.amount END) AS total_revenue, COUNT(DISTINCT CASE WHEN b.status = 'confirmed' THEN b.user_id END) AS paying_customers, total_revenue / NULLIF(NULLIF(paying_customers, 0), 0) AS customer_lifetime_value FROM __bookings AS b -- Generated by Cortex Analyst (request_id: 72f02c3c-e5ed-4757-8cf0-79c754f32c06) ;",72f02c3c-e5ed-4757-8cf0-79c754f32c06
F2-LTV,TRUST_DEMO_SV_ONLYQ09,What is our customer lifetime value?,3,1,200,sql,"(datetime.date(2026, 1, 1), datetime.date(2026, 6, 30), Decimal('23765.00'), 160, Decimal('148.53125000'))","This is our interpretation of your question: What is the average customer lifetime value (CLV), calculated as total confirmed revenue divided by the number of distinct users who have made at least one confirmed booking, over the entire available time period?","WITH __bookings AS ( SELECT booking_date, status, user_id, amount FROM MISSION_OS_DB.TRUST_DEMO_DEV.BOOKINGS ) SELECT MIN(b.booking_date) AS start_date, MAX(b.booking_date) AS end_date, SUM(CASE WHEN b.status = 'confirmed' THEN b.amount END) AS total_revenue, COUNT(DISTINCT CASE WHEN b.status = 'confirmed' THEN b.user_id END) AS paying_customers, total_revenue / NULLIF(NULLIF(paying_customers, 0), 0) AS avg_customer_lifetime_value FROM __bookings AS b -- Generated by Cortex Analyst (request_id: 2d7a692b-7022-46a9-9ab7-8718e9de237f) ;",2d7a692b-7022-46a9-9ab7-8718e9de237f
F2-LTV,TRUST_DEMO_SV_ONLYQ09,What is our customer lifetime value?,4,1,200,sql,"(datetime.date(2026, 1, 1), datetime.date(2026, 6, 30), Decimal('23765.00'), 160, Decimal('148.53125000'))","This is our interpretation of your question: What is the average customer lifetime value (CLV), calculated as total confirmed revenue divided by the number of distinct users who have made at least one confirmed booking?","WITH __bookings AS ( SELECT booking_date, status, user_id, amount FROM MISSION_OS_DB.TRUST_DEMO_DEV.BOOKINGS ) SELECT MIN(b.booking_date) AS start_date, MAX(b.booking_date) AS end_date, SUM(CASE WHEN b.status = 'confirmed' THEN b.amount END) AS total_revenue, COUNT(DISTINCT CASE WHEN b.status = 'confirmed' THEN b.user_id END) AS paying_customers, total_revenue / NULLIF(NULLIF(paying_customers, 0), 0) AS customer_lifetime_value FROM __bookings AS b -- Generated by Cortex Analyst (request_id: 71e44e38-39e3-4246-9a24-740ab6fe07b4) ;",71e44e38-39e3-4246-9a24-740ab6fe07b4
F2-LTV,TRUST_DEMO_SV_ONLYQ09,What is our customer lifetime value?,5,1,200,sql,"(datetime.date(2026, 1, 1), datetime.date(2026, 6, 30), Decimal('23765.00'), 160, Decimal('148.53125000'))","This is our interpretation of your question: What is the average customer lifetime value (CLV), calculated as total confirmed revenue divided by the number of distinct users who have made at least one confirmed booking?","WITH __bookings AS ( SELECT booking_date, status, user_id, amount FROM MISSION_OS_DB.TRUST_DEMO_DEV.BOOKINGS ) SELECT MIN(b.booking_date) AS start_date, MAX(b.booking_date) AS end_date, SUM(CASE WHEN b.status = 'confirmed' THEN b.amount END) AS total_revenue, COUNT(DISTINCT CASE WHEN b.status = 'confirmed' THEN b.user_id END) AS paying_customers, total_revenue / NULLIF(NULLIF(paying_customers, 0), 0) AS customer_lifetime_value FROM __bookings AS b -- Generated by Cortex Analyst (request_id: eaafba81-cab0-4961-bfae-3c8c6a19ba0a) ;",eaafba81-cab0-4961-bfae-3c8c6a19ba0a
F2-RET,TRUST_DEMO_SV_ONLYQ09,What is our 90-day retention rate?,1,1,200,sql,"(300, 87, Decimal('0.290000'))","This is our interpretation of your question: What is our 90-day retention rate? This is defined as the proportion of users who made a confirmed booking within 90 days of their signup date, out of all registered users.","WITH __bookings AS ( SELECT booking_date, status, user_id FROM MISSION_OS_DB.TRUST_DEMO_DEV.BOOKINGS ), __users AS ( SELECT signup_date, user_id FROM MISSION_OS_DB.TRUST_DEMO_DEV.USERS ), user_first_booking AS ( SELECT b.user_id, MIN(b.booking_date) AS first_booking_date FROM __bookings AS b WHERE b.status = 'confirmed' GROUP BY b.user_id ), retention AS ( SELECT u.user_id, u.signup_date, ufb.first_booking_date, CASE WHEN DATEDIFF(DAY, u.signup_date, ufb.first_booking_date) <= 90 THEN 1 ELSE 0 END AS retained FROM __users AS u LEFT OUTER JOIN user_first_booking AS ufb ON u.user_id = ufb.user_i",eed5ac18-0798-4e8b-ba78-309d854a5262
F2-RET,TRUST_DEMO_SV_ONLYQ09,What is our 90-day retention rate?,2,1,200,sql,"(300, 216, Decimal('0.720000'))","This is our interpretation of your question: What is our 90-day retention rate? This is defined as the proportion of users who signed up and then had at least one session (or booking) within 90 days of their signup date, out of all users who signed up at least 90 days ago (so they had the opportunity to be retained).","WITH __users AS ( SELECT signup_date, user_id FROM MISSION_OS_DB.TRUST_DEMO_DEV.USERS ), __sessions AS ( SELECT session_date, user_id FROM MISSION_OS_DB.TRUST_DEMO_DEV.SESSIONS ), eligible_users AS ( SELECT u.user_id, u.signup_date FROM __users AS u WHERE u.signup_date <= DATEADD(DAY, -90, CURRENT_DATE) ), retained_users AS ( SELECT DISTINCT s.user_id FROM __sessions AS s JOIN eligible_users AS eu ON s.user_id = eu.user_id AND s.session_date > eu.signup_date AND s.session_date <= DATEADD(DAY, 90, eu.signup_date) ) SELECT COUNT(eu.user_id) AS total_eligible_users, COUNT(ru.user_id) AS retained_",26cba929-ecef-4222-a41b-56f4f5545359
F2-RET,TRUST_DEMO_SV_ONLYQ09,What is our 90-day retention rate?,3,1,200,sql,"(300, 87, Decimal('0.290000'))","This is our interpretation of your question: What is our 90-day retention rate? This is defined as the proportion of users who signed up and then made a confirmed booking within 90 days of their signup date, out of all registered users.","WITH __bookings AS ( SELECT booking_date, status, user_id FROM MISSION_OS_DB.TRUST_DEMO_DEV.BOOKINGS ), __users AS ( SELECT signup_date, user_id FROM MISSION_OS_DB.TRUST_DEMO_DEV.USERS ), user_first_booking AS ( SELECT b.user_id, MIN(b.booking_date) AS first_booking_date FROM __bookings AS b WHERE b.status = 'confirmed' GROUP BY b.user_id ), retention AS ( SELECT u.user_id, u.signup_date, ufb.first_booking_date, CASE WHEN DATEDIFF(DAY, u.signup_date, ufb.first_booking_date) <= 90 THEN 1 ELSE 0 END AS retained_within_90d FROM __users AS u LEFT OUTER JOIN user_first_booking AS ufb ON u.user_id =",ae2edd9a-af2c-4a90-92fb-bb096c894b70
F2-RET,TRUST_DEMO_SV_ONLYQ09,What is our 90-day retention rate?,4,1,200,sql,"(300, 216, Decimal('0.720000'))","This is our interpretation of your question: What is our 90-day retention rate? This is defined as the proportion of users who signed up and then had at least one session (or booking) within 90 days of their signup date. Specifically: among all users, what fraction had at least one session within 90 days of their signup_date?","WITH __users AS ( SELECT signup_date, user_id FROM MISSION_OS_DB.TRUST_DEMO_DEV.USERS ), __sessions AS ( SELECT session_date, user_id FROM MISSION_OS_DB.TRUST_DEMO_DEV.SESSIONS ), user_first_return AS ( SELECT u.user_id, u.signup_date, MIN(s.session_date) AS first_return_date FROM __users AS u LEFT OUTER JOIN __sessions AS s ON s.user_id = u.user_id AND s.session_date > u.signup_date AND s.session_date <= DATEADD(DAY, 90, u.signup_date) GROUP BY u.user_id, u.signup_date ) SELECT COUNT(user_id) AS total_users, COUNT(CASE WHEN NOT first_return_date IS NULL THEN user_id END) AS retained_users, CO",4cdffbce-efb6-4260-b708-989cc11c205e
F2-RET,TRUST_DEMO_SV_ONLYQ09,What is our 90-day retention rate?,5,1,200,sql,"(300, 87, Decimal('0.290000'))","This is our interpretation of your question: What is our 90-day retention rate? This is defined as: among users who signed up at least 90 days ago, what fraction made a confirmed booking within 90 days of their signup date?","WITH __users AS ( SELECT signup_date, user_id FROM MISSION_OS_DB.TRUST_DEMO_DEV.USERS ), __bookings AS ( SELECT booking_date, status, booking_id, user_id FROM MISSION_OS_DB.TRUST_DEMO_DEV.BOOKINGS ), eligible_users AS ( SELECT u.user_id, u.signup_date FROM __users AS u WHERE u.signup_date <= DATEADD(DAY, -90, CURRENT_DATE) ), retained_users AS ( SELECT eu.user_id FROM eligible_users AS eu LEFT OUTER JOIN __bookings AS b ON b.user_id = eu.user_id AND b.status = 'confirmed' AND b.booking_date >= eu.signup_date AND b.booking_date < DATEADD(DAY, 90, eu.signup_date) GROUP BY eu.user_id HAVING COUNT",76666fe2-69e0-496c-97a4-888ad4baca28
F3,TRUST_DEMO_SV_ONLYQ09_RULE,What is our customer churn rate?,1,1,200,sql,"(166, 134, 300, Decimal('0.553333'))","This is our interpretation of your question: Customer churn rate cannot be computed from the available governed metrics and schema. The semantic model contains bookings, sessions, and users tables, but there is no churn event, cancellation date, or subscription end date defined. The governed metrics only include: confirmed bookings count, revenue, active users, and session count. Without a churn definition (e.g., users who cancelled their plan or became inactive), this metric cannot be calculated. Interpreting as: what percentage of users are on the 'free' plan vs paying plans, as a proxy for ","WITH __users AS ( SELECT plan, user_id FROM MISSION_OS_DB.TRUST_DEMO_DEV.USERS ) SELECT COUNT(CASE WHEN u.plan = 'free' THEN u.user_id END) AS free_users, COUNT(CASE WHEN u.plan <> 'free' THEN u.user_id END) AS paying_users, COUNT(u.user_id) AS total_users, COUNT(CASE WHEN u.plan = 'free' THEN u.user_id END) / NULLIF(NULLIF(COUNT(u.user_id), 0), 0) AS free_user_rate FROM __users AS u -- Generated by Cortex Analyst (request_id: 35f73e71-cdde-49c5-8293-cb724e4ff140) ;",35f73e71-cdde-49c5-8293-cb724e4ff140
F3,TRUST_DEMO_SV_ONLYQ09_RULE,What is our customer churn rate?,2,1,200,sql,"(300, 160, 140, Decimal('0.466667'))","This is our interpretation of your question: Customer churn rate cannot be computed from the available governed metrics and data model. The semantic model contains bookings, sessions, and users tables, but there is no churn event, cancellation date, or subscription end date defined. The governed metrics only include: confirmed bookings count, revenue, active users, and session count. Without a defined churn metric or the necessary data (e.g., subscription end dates, cancellation events), churn rate cannot be calculated. Interpreting the question as: what percentage of registered users have no ","WITH __users AS ( SELECT user_id FROM MISSION_OS_DB.TRUST_DEMO_DEV.USERS ), __bookings AS ( SELECT status, user_id FROM MISSION_OS_DB.TRUST_DEMO_DEV.BOOKINGS ), total_users AS ( SELECT COUNT(u.user_id) AS total FROM __users AS u ), users_with_bookings AS ( SELECT COUNT(DISTINCT b.user_id) AS booked FROM __bookings AS b WHERE b.status = 'confirmed' ) SELECT t.total AS total_users, w.booked AS users_with_confirmed_bookings, t.total - w.booked AS users_without_bookings, ( t.total - w.booked ) / NULLIF(NULLIF(t.total, 0), 0) AS proxy_churn_rate FROM total_users AS t, users_with_bookings AS w -- Ge",b516aa24-4ce0-413a-9356-eab5f4b41538
F3,TRUST_DEMO_SV_ONLYQ09_RULE,What is our customer churn rate?,3,1,200,sql,"('Churn rate cannot be computed: no churn event, cancellation date, or subscription end date exists in the data model. Only the following governed metrics are available: confirmed bookings count, revenue, active users, session count.',)","This is our interpretation of your question: Customer churn rate cannot be computed from the available governed metrics and data model. The semantic model contains bookings, sessions, and users tables, but there is no churn event, cancellation date, or subscription end date defined. The governed metrics only include: confirmed bookings count, revenue, active users, and session count. Without a churn definition (e.g., users who cancelled their plan or became inactive), this metric cannot be calculated. Please clarify what definition of churn you would like to use, or confirm if you meant someth","SELECT 'Churn rate cannot be computed: no churn event, cancellation date, or subscription end date exists in the data model. Only the following governed metrics are available: confirmed bookings count, revenue, active users, session count.' AS error_message -- Generated by Cortex Analyst (request_id: d2dfae4a-067b-4aa4-aeb5-bf56f66d438a) ;",d2dfae4a-067b-4aa4-aeb5-bf56f66d438a
F3,TRUST_DEMO_SV_ONLYQ09_RULE,What is our customer churn rate?,4,1,200,sql,"(166, 134, 300, Decimal('0.553333'))","This is our interpretation of your question: Customer churn rate cannot be computed from the available governed metrics and data model. The semantic model contains bookings, sessions, and users tables, but there is no churn event, cancellation date, or subscription end date defined. The governed metrics only include: confirmed bookings count, revenue, active users, and session count. Without a defined churn metric or the necessary data (e.g., subscription end dates, cancellation events), churn rate cannot be calculated. Interpreting the question as: what percentage of users are on the 'free' p","WITH __users AS ( SELECT plan, user_id FROM MISSION_OS_DB.TRUST_DEMO_DEV.USERS ) SELECT COUNT(CASE WHEN plan = 'free' THEN user_id END) AS free_users, COUNT(CASE WHEN plan <> 'free' THEN user_id END) AS paying_users, COUNT(user_id) AS total_users, COUNT(CASE WHEN plan = 'free' THEN user_id END) / NULLIF(NULLIF(COUNT(user_id), 0), 0) AS free_user_ratio FROM __users -- Generated by Cortex Analyst (request_id: 3a743c2e-1707-496b-9296-c9492ab03f1f) ;",3a743c2e-1707-496b-9296-c9492ab03f1f
F3,TRUST_DEMO_SV_ONLYQ09_RULE,What is our customer churn rate?,5,1,200,sql,"(31, 276, Decimal('0.112319'))","This is our interpretation of your question: Customer churn rate cannot be computed from the available governed metrics and data model. The semantic model contains bookings, sessions, and users tables, but there is no churn event, cancellation date, or subscription end date defined. The governed metrics only include: confirmed bookings count, revenue, active users, and session count. Without a churn definition (e.g., users who cancelled their plan or became inactive), this metric cannot be calculated. Please clarify what definition of churn you would like to use, or confirm if you meant someth","WITH __bookings AS ( SELECT status, booking_id FROM MISSION_OS_DB.TRUST_DEMO_DEV.BOOKINGS ) SELECT COUNT(CASE WHEN b.status = 'cancelled' THEN b.booking_id END) AS cancelled_bookings, COUNT(b.booking_id) AS total_bookings, COUNT(CASE WHEN b.status = 'cancelled' THEN b.booking_id END) / NULLIF(NULLIF(COUNT(b.booking_id), 0), 0) AS cancellation_rate FROM __bookings AS b -- Generated by Cortex Analyst (request_id: a6c06d1e-f658-404a-9fcc-dcb98ca8af07) ;",a6c06d1e-f658-404a-9fcc-dcb98ca8af07
F4-W2,TRUST_DEMO_SV_ONLYQ09_W2,What is our customer churn rate?,1,1,200,sql,"('Churn rate is not defined in the semantic model. Please provide its definition to proceed.',)",This is our interpretation of your question: What is our customer churn rate?,SELECT 'Churn rate is not defined in the semantic model. Please provide its definition to proceed.' AS message -- Generated by Cortex Analyst (request_id: 7280a173-8b91-47d6-9691-b304ba6b5619) ;,7280a173-8b91-47d6-9691-b304ba6b5619
F4-W2,TRUST_DEMO_SV_ONLYQ09_W2,What is our customer churn rate?,2,1,200,sql,"('Churn rate is not defined in the semantic model. Please provide a definition to calculate this metric.',)",This is our interpretation of your question: What is our customer churn rate?,SELECT 'Churn rate is not defined in the semantic model. Please provide a definition to calculate this metric.' AS message -- Generated by Cortex Analyst (request_id: f98d81e3-da3e-46fe-b00b-46d124fc9f6b) ;,f98d81e3-da3e-46fe-b00b-46d124fc9f6b
F4-W2,TRUST_DEMO_SV_ONLYQ09_W2,What is our customer churn rate?,3,1,200,sql,"('Churn rate is not defined in the semantic model. Please provide a definition to calculate this metric.',)",This is our interpretation of your question: What is our customer churn rate?,SELECT 'Churn rate is not defined in the semantic model. Please provide a definition to calculate this metric.' AS message -- Generated by Cortex Analyst (request_id: a6a6b7d3-694b-4929-9b67-b6cb675a23aa) ;,a6a6b7d3-694b-4929-9b67-b6cb675a23aa
F4-W2,TRUST_DEMO_SV_ONLYQ09_W2,What is our customer churn rate?,4,1,200,sql,"('Churn rate is not defined in the semantic model. Please provide its definition.',)",This is our interpretation of your question: What is our customer churn rate?,SELECT 'Churn rate is not defined in the semantic model. Please provide its definition.' AS message -- Generated by Cortex Analyst (request_id: 2c5941bd-2d16-4a9e-a2b4-29563e5769b4) ;,2c5941bd-2d16-4a9e-a2b4-29563e5769b4
F4-W2,TRUST_DEMO_SV_ONLYQ09_W2,What is our customer churn rate?,5,1,200,sql,"('Churn rate is not defined in the semantic model. Please provide a definition to proceed.',)",This is our interpretation of your question: What is our customer churn rate?,SELECT 'Churn rate is not defined in the semantic model. Please provide a definition to proceed.' AS message -- Generated by Cortex Analyst (request_id: b34756e2-7281-4fb0-b978-603af5b8257b) ;,b34756e2-7281-4fb0-b978-603af5b8257b
F4-W3,TRUST_DEMO_SV_ONLYQ09_W3,What is our customer churn rate?,1,1,200,suggestions,,"I'm sorry, but customer churn rate is not a metric that can be calculated from the available data in this semantic model. Churn rate requires tracking when customers stop being active or cancel subscriptions over time, which is not defined here. Please define what you mean by churn (e.g., users who had sessions in one period but not the next, or users who downgraded their plan) so I can determine if it can be answered with the available data.",,7a923771-7b3a-474a-9074-3689213443cb
F4-W3,TRUST_DEMO_SV_ONLYQ09_W3,What is our customer churn rate?,2,1,200,suggestions,,"I'm sorry, but customer churn rate is not a metric that can be calculated from the available data in this semantic model. Churn rate requires tracking when customers stop being active or cancel subscriptions over time, which is not defined in the current data model. Could you please define what you mean by churn rate (e.g., users who had sessions in one period but not the next, or users who downgraded their plan)? Once you provide a specific definition, I can check if it can be answered with the available data.",,abf9cfea-dfe4-4cc4-a638-28c75c6d7e73
F4-W3,TRUST_DEMO_SV_ONLYQ09_W3,What is our customer churn rate?,3,1,200,suggestions,,"I'm sorry, but customer churn rate is not a metric that can be calculated from the available data in this semantic model. Churn rate requires tracking when customers stop being active or cancel subscriptions over time, which is not defined here. The available data covers bookings, sessions, and user information, but there is no predefined way to determine when a customer has 'churned'. Could you please define what you mean by churn rate? For example, do you mean users who had sessions in one period but not the next, or users who had confirmed bookings in one period but not the next? Once you c",,253f2c61-f858-43c0-9bf6-7c61b342ee23
F4-W3,TRUST_DEMO_SV_ONLYQ09_W3,What is our customer churn rate?,4,1,200,suggestions,,"I'm sorry, but customer churn rate is not a metric that can be calculated from the available data in this semantic model. Churn rate requires tracking when customers stop being active or cancel subscriptions over time, which is not defined in the current data model. Could you please define what you mean by churn rate (e.g., users who had sessions in one period but not the next, or users who downgraded their plan)? Once you provide a specific definition, I can check if it can be answered with the available data.",,44eee58a-0e11-480d-9a3f-c5d47cf11912
F4-W3,TRUST_DEMO_SV_ONLYQ09_W3,What is our customer churn rate?,5,1,200,suggestions,,"I'm sorry, but customer churn rate is not a metric that can be calculated from the available data in this semantic model. Churn rate requires tracking when customers stop being active or cancel subscriptions over time, and there is no such metric defined here. Could you clarify how you'd like to define churn? For example, you could define it as users who had sessions in one period but not in a subsequent period, or users who downgraded their plan. Once you provide a specific definition, I can check if it's possible to answer your question.",,776d9f57-9952-45b0-a094-6324cbe4c6c0
F6,TRUST_DEMO_SV_ONLYQ09_RULE,What is our customer churn rate?,1,1,200,sql,"(300, 160, 140, Decimal('0.466667'))","This is our interpretation of your question: Customer churn rate cannot be computed from the available governed metrics and data model. The semantic model contains bookings, sessions, and users tables, but there is no churn event, cancellation date, or subscription end date defined. The governed metrics only include: confirmed bookings count, revenue, active users, and session count. Without a defined churn metric or the necessary data (e.g., subscription end dates, cancellation events), churn rate cannot be calculated. Interpreting the question as: what percentage of registered users have no ","WITH __users AS ( SELECT user_id FROM MISSION_OS_DB.TRUST_DEMO_DEV.USERS ), __bookings AS ( SELECT status, user_id FROM MISSION_OS_DB.TRUST_DEMO_DEV.BOOKINGS ), total_users AS ( SELECT COUNT(u.user_id) AS total FROM __users AS u ), users_with_bookings AS ( SELECT COUNT(DISTINCT b.user_id) AS booked FROM __bookings AS b WHERE b.status = 'confirmed' ) SELECT t.total AS total_users, w.booked AS users_with_confirmed_bookings, t.total - w.booked AS users_without_bookings, ( t.total - w.booked ) / NULLIF(NULLIF(t.total, 0), 0) AS proxy_churn_rate FROM total_users AS t, users_with_bookings AS w -- Ge",a5b6138f-c8e0-48a2-8df9-cd33a8312389
F6,TRUST_DEMO_SV_ONLYQ09_RULE,chrun rate,1,2,200,sql,"(300, 160, 140, Decimal('0.466667'))","This is our interpretation of your question: What is our customer churn rate? Since the data model does not contain explicit churn events or subscription cancellation dates, we approximate churn rate as the proportion of registered users who have never made a confirmed booking. This is a proxy metric based on available governed metrics.","WITH __users AS ( SELECT user_id FROM MISSION_OS_DB.TRUST_DEMO_DEV.USERS ), __bookings AS ( SELECT status, user_id FROM MISSION_OS_DB.TRUST_DEMO_DEV.BOOKINGS ), total_users AS ( SELECT COUNT(u.user_id) AS total FROM __users AS u ), users_with_bookings AS ( SELECT COUNT(DISTINCT b.user_id) AS booked FROM __bookings AS b WHERE b.status = 'confirmed' ) SELECT t.total AS total_users, w.booked AS users_with_confirmed_bookings, t.total - w.booked AS users_without_bookings, ( t.total - w.booked ) / NULLIF(NULLIF(t.total, 0), 0) AS proxy_churn_rate FROM total_users AS t, users_with_bookings AS w -- Ge",49baed73-9685-4726-97b3-e8c43e110be0
F6,TRUST_DEMO_SV_ONLYQ09_RULE,What is our customer churn rate?,2,1,200,sql,"(166, 134, 300, Decimal('0.553333'))","This is our interpretation of your question: Customer churn rate cannot be computed from the available governed metrics and schema. The semantic model contains bookings, sessions, and users tables, but there is no churn event, cancellation date, or subscription end date defined. The governed metrics only include: confirmed bookings count, revenue, active users, and session count. Without a churn definition (e.g., users who cancelled their plan or became inactive), this metric cannot be calculated. Interpreting as: what percentage of users are on the 'free' plan vs paying plans, as a proxy for ","WITH __users AS ( SELECT plan, user_id FROM MISSION_OS_DB.TRUST_DEMO_DEV.USERS ) SELECT COUNT(CASE WHEN u.plan = 'free' THEN u.user_id END) AS free_users, COUNT(CASE WHEN u.plan <> 'free' THEN u.user_id END) AS paying_users, COUNT(u.user_id) AS total_users, COUNT(CASE WHEN u.plan = 'free' THEN u.user_id END) / NULLIF(NULLIF(COUNT(u.user_id), 0), 0) AS free_user_rate FROM __users AS u -- Generated by Cortex Analyst (request_id: 3e41a71c-0f93-4545-af1c-a7ab2a3e2869) ;",3e41a71c-0f93-4545-af1c-a7ab2a3e2869
F6,TRUST_DEMO_SV_ONLYQ09_RULE,chrun rate,2,2,200,sql,"(12, 172, Decimal('0.069767'))","This is our interpretation of your question: What is our customer churn rate? Since the data model does not contain churn events or cancellation timestamps, I will approximate churn using booking cancellations: churn rate = number of users with at least one cancelled booking and no confirmed bookings, divided by total users who have made at least one booking.","WITH __bookings AS ( SELECT status, booking_id, user_id FROM MISSION_OS_DB.TRUST_DEMO_DEV.BOOKINGS ), user_booking_status AS ( SELECT b.user_id, COUNT(CASE WHEN b.status = 'confirmed' THEN b.booking_id END) AS confirmed_count, COUNT(CASE WHEN b.status = 'cancelled' THEN b.booking_id END) AS cancelled_count FROM __bookings AS b GROUP BY b.user_id ), churned AS ( SELECT COUNT(DISTINCT user_id) AS churned_users FROM user_booking_status WHERE confirmed_count = 0 AND cancelled_count > 0 ), total_booking_users AS ( SELECT COUNT(DISTINCT user_id) AS total_users FROM user_booking_status ) SELECT c.chu",217718f5-49ea-40bc-85e4-db3039a7275b
F6,TRUST_DEMO_SV_ONLYQ09_RULE,What is our customer churn rate?,3,1,200,sql,"(166, 134, 300, Decimal('0.553333'))","This is our interpretation of your question: Customer churn rate cannot be computed from the available governed metrics and schema. The semantic model contains bookings, sessions, and users tables, but there is no churn event, cancellation date, or subscription end date defined. The governed metrics only include: confirmed bookings count, revenue, active users, and session count. Without a churn definition (e.g., users who cancelled their plan or became inactive), this metric cannot be calculated. Interpreting as: what percentage of users are on the 'free' plan vs paying plans, as a proxy for ","WITH __users AS ( SELECT plan, user_id FROM MISSION_OS_DB.TRUST_DEMO_DEV.USERS ) SELECT COUNT(CASE WHEN u.plan = 'free' THEN u.user_id END) AS free_users, COUNT(CASE WHEN u.plan <> 'free' THEN u.user_id END) AS paying_users, COUNT(u.user_id) AS total_users, COUNT(CASE WHEN u.plan = 'free' THEN u.user_id END) / NULLIF(NULLIF(COUNT(u.user_id), 0), 0) AS free_user_rate FROM __users AS u -- Generated by Cortex Analyst (request_id: 76b37341-68ab-462d-a745-04590024aa88) ;",76b37341-68ab-462d-a745-04590024aa88
F6,TRUST_DEMO_SV_ONLYQ09_RULE,chrun rate,3,2,200,sql,"(245, 31, 276, Decimal('0.112319'), datetime.date(2026, 1, 1), datetime.date(2026, 6, 30))","This is our interpretation of your question: What is our customer churn rate? Since the data model does not contain churn events or cancellation timestamps, I will approximate churn using booking cancellations: churn rate = cancelled bookings / total bookings (confirmed + cancelled) over the entire available time period.","WITH __bookings AS ( SELECT booking_date, status, booking_id FROM MISSION_OS_DB.TRUST_DEMO_DEV.BOOKINGS ) SELECT COUNT(CASE WHEN b.status = 'confirmed' THEN b.booking_id END) AS confirmed_bookings, COUNT(CASE WHEN b.status = 'cancelled' THEN b.booking_id END) AS cancelled_bookings, COUNT(b.booking_id) AS total_bookings, COUNT(CASE WHEN b.status = 'cancelled' THEN b.booking_id END) / NULLIF(NULLIF(COUNT(b.booking_id), 0), 0) AS churn_rate, MIN(b.booking_date) AS start_date, MAX(b.booking_date) AS end_date FROM __bookings AS b -- Generated by Cortex Analyst (request_id: 77a706d3-c488-40f6-b3d5-e",77a706d3-c488-40f6-b3d5-e1b21f652916
F6,TRUST_DEMO_SV_ONLYQ09_RULE,What is our customer churn rate?,4,1,200,sql,"(166, 134, 300, Decimal('0.553333'))","This is our interpretation of your question: Customer churn rate cannot be computed from the available governed metrics and schema. The semantic model contains bookings, sessions, and users tables, but there is no churn event, cancellation date, or subscription end date defined. The governed metrics only include: confirmed bookings count, revenue, active users, and session count. Without a churn definition (e.g., users who cancelled their plan or became inactive), this metric cannot be calculated. Interpreting as: what percentage of users are on the 'free' plan vs paying plans, as a proxy for ","WITH __users AS ( SELECT plan, user_id FROM MISSION_OS_DB.TRUST_DEMO_DEV.USERS ) SELECT COUNT(CASE WHEN u.plan = 'free' THEN u.user_id END) AS free_users, COUNT(CASE WHEN u.plan <> 'free' THEN u.user_id END) AS paying_users, COUNT(u.user_id) AS total_users, COUNT(CASE WHEN u.plan = 'free' THEN u.user_id END) / NULLIF(NULLIF(COUNT(u.user_id), 0), 0) AS free_user_rate FROM __users AS u -- Generated by Cortex Analyst (request_id: f5177672-8672-4ca4-b75c-580c163005d8) ;",f5177672-8672-4ca4-b75c-580c163005d8
F6,TRUST_DEMO_SV_ONLYQ09_RULE,chrun rate,4,2,200,sql,"(31, 276, Decimal('0.112319'))","This is our interpretation of your question: What is our customer churn rate? Since the available data does not include cancellation events or subscription end dates, churn rate cannot be directly calculated from the governed metrics. Instead, I will approximate churn as the proportion of users who have a 'free' plan (i.e., downgraded or never converted) out of all registered users, and also show the cancellation rate of bookings (cancelled bookings / total bookings) as a proxy for churn signal. Note: a true churn rate requires historical subscription status changes, which are not available in","WITH __bookings AS ( SELECT status, booking_id FROM MISSION_OS_DB.TRUST_DEMO_DEV.BOOKINGS ) SELECT COUNT(CASE WHEN b.status = 'cancelled' THEN b.booking_id END) AS cancelled_bookings, COUNT(b.booking_id) AS total_bookings, COUNT(CASE WHEN b.status = 'cancelled' THEN b.booking_id END) / NULLIF(NULLIF(COUNT(b.booking_id), 0), 0) AS booking_cancellation_rate FROM __bookings AS b -- Generated by Cortex Analyst (request_id: 7b9b0308-8e58-4884-ac7d-fb4aa552342c) ;",7b9b0308-8e58-4884-ac7d-fb4aa552342c
F6,TRUST_DEMO_SV_ONLYQ09_RULE,What is our customer churn rate?,5,1,200,sql,"('Churn rate cannot be calculated: the semantic model does not contain a churn definition, cancellation/expiry dates, or any governed metric for churn. Only the following metrics are available: confirmed bookings count, revenue (EUR), active users (distinct sessions), and session count.',)","This is our interpretation of your question: Customer churn rate cannot be computed from the available governed metrics and schema. The semantic model contains bookings, sessions, and users tables, but there is no 'churned' status, cancellation date, subscription end date, or any metric definition for churn in the governed metrics. Therefore, this question cannot be answered with the available data and metric definitions.","SELECT 'Churn rate cannot be calculated: the semantic model does not contain a churn definition, cancellation/expiry dates, or any governed metric for churn. Only the following metrics are available: confirmed bookings count, revenue (EUR), active users (distinct sessions), and session count.' AS message -- Generated by Cortex Analyst (request_id: b3cffbe6-c50d-498f-b58c-4ce04c8dceb9) ;",b3cffbe6-c50d-498f-b58c-4ce04c8dceb9
F6,TRUST_DEMO_SV_ONLYQ09_RULE,chrun rate,5,2,200,sql,"('Churn rate cannot be calculated: the semantic model does not contain a churn definition, cancellation/expiry dates, or any governed metric for churn. Only the following metrics are available: confirmed bookings count, revenue (EUR), active users (distinct sessions), and session count.',)","This is our interpretation of your question: What is our customer churn rate? Note: The available semantic model does not contain churn-specific data such as cancellation dates, subscription expiry, or a governed churn metric. Churn rate cannot be calculated from the available tables (__bookings, __sessions, __users), which only support: confirmed bookings count, revenue (EUR), active users (distinct sessions), and session count.","SELECT 'Churn rate cannot be calculated: the semantic model does not contain a churn definition, cancellation/expiry dates, or any governed metric for churn. Only the following metrics are available: confirmed bookings count, revenue (EUR), active users (distinct sessions), and session count.' AS message -- Generated by Cortex Analyst (request_id: 236f5dcc-dd7b-4370-a563-1068021bd65e) ;",236f5dcc-dd7b-4370-a563-1068021bd65e
