cell,view,q,run,http,kind,value,text,sql,request_id
TYPO,TRUST_DEMO_SV_ONLYQ09_RULE,chrun rate,1,200,suggestions,,"I'm sorry, but churn rate is not a metric that can be directly derived from the available data model. Churn rate typically measures the rate at which users stop being active or cancel subscriptions over a period of time. While the data model contains information about users, sessions, and bookings, there is no explicit definition of what constitutes 'churn' in this context (e.g., no activity for X days, cancellation of a plan, etc.). Could you please clarify how you would like to define churn? For example, is a user considered churned if they have had no sessions in the last 30 days, or if the",,dd4d179d-65bb-4d13-8424-408d90044b91
TYPO,TRUST_DEMO_SV_ONLYQ09_RULE,chrun rate,2,200,suggestions,,"I'm sorry, but churn rate is not a metric that can be directly derived from the available data model. Churn rate typically measures the rate at which users stop being active or cancel subscriptions over a period of time. While the data model contains information about users, sessions, and bookings, there is no explicit definition of what constitutes 'churn' in this context (e.g., no activity for X days, cancellation of a plan, etc.). Could you please clarify how you would like to define churn? For example, would a user be considered churned if they have had no sessions in the last 30 days, or ",,dd5cb646-d4c4-429c-8efc-82da76610ed7
TYPO,TRUST_DEMO_SV_ONLYQ09_RULE,chrun rate,3,200,suggestions,,"I'm sorry, but churn rate is not a metric that can be directly derived from the available data model. Churn rate typically measures the percentage of users who stop using a service over a given period, which would require tracking user activity or subscription cancellations over time. While the data model contains information about users, sessions, and bookings, there is no explicit definition or column for churn. Could you please clarify how you would like to define churn rate? For example, would you define a churned user as someone who had sessions in a previous period but not in the current",,1495d02c-4bea-4d8e-92e4-098b4d8154db
TYPO,TRUST_DEMO_SV_ONLYQ09_RULE,chrun rate,4,200,suggestions,,"I'm sorry, but churn rate is not a metric that can be directly calculated from the available data in this semantic model. Churn rate typically requires tracking when users stop being active or cancel subscriptions over time, but there is no such event or status data available here. Could you please provide a specific definition of how you'd like churn rate to be calculated? For example, are you defining churned users as those who had sessions in one period but not the next, or users who downgraded their plan, or something else?",,466b2a1e-b326-48a2-9c1f-3d01ca634cf7
TYPO,TRUST_DEMO_SV_ONLYQ09_RULE,chrun rate,5,200,suggestions,,"I'm sorry, but churn rate is not a metric that can be directly calculated from the available data in this semantic model. Churn rate typically requires tracking when users stop being active or cancel subscriptions over time, but there is no such event or status data available here. Could you please provide a specific definition of how you'd like churn rate to be calculated? For example, are you defining churned users as those who had sessions in one period but not the next, or users who downgraded their plan, or something else?",,82b31fa9-576f-4753-9230-f4a4d804af5f
UNCLEAR,TRUST_DEMO_SV_ONLYQ09_UNCLEAR,What is our customer churn rate?,1,200,sql,"(300, 0, 300, Decimal('1.000000'))","This is our interpretation of your question: What is our customer churn rate? The available data does not include explicit churn events or subscription end dates. Churn rate is typically calculated as (users who stopped being active or cancelled) / total users. Since we only have signup dates, session activity, and booking data, I will approximate churn as the proportion of registered users who have had no sessions in the current calendar month (inactive users) out of total registered users. Note: this is an approximation; true churn rate requires subscription cancellation or inactivity thresh","WITH __users AS ( SELECT user_id FROM MISSION_OS_DB.TRUST_DEMO_DEV.USERS ), __sessions AS ( SELECT session_date, user_id FROM MISSION_OS_DB.TRUST_DEMO_DEV.SESSIONS ), total_users AS ( SELECT COUNT(u.user_id) AS total FROM __users AS u ), active_this_month AS ( SELECT COUNT(DISTINCT s.user_id) AS active FROM __sessions AS s WHERE s.session_date >= DATE_TRUNC('MONTH', CURRENT_DATE) ) SELECT t.total AS total_users, a.active AS active_users_this_month, t.total - a.active AS inactive_users, ( t.total - a.active ) / NULLIF(NULLIF(t.total, 0), 0) AS churn_rate FROM total_users AS t, active_this_month",5eae6b67-3ba4-4935-bf48-fe27e3a0da3e
UNCLEAR,TRUST_DEMO_SV_ONLYQ09_UNCLEAR,What is our customer churn rate?,2,200,sql,"(300, 160, 140, Decimal('0.466667'))","This is our interpretation of your question: What is our customer churn rate? Since the data model does not contain explicit churn events or churn dates, I will approximate churn rate as the proportion of users who have never made a confirmed booking (i.e., users who signed up but have no confirmed revenue), as a proxy for churned/inactive customers. Churn rate = users with no confirmed booking / total users.","WITH __users AS ( SELECT user_id FROM MISSION_OS_DB.TRUST_DEMO_DEV.USERS ), __bookings AS ( SELECT status, user_id FROM MISSION_OS_DB.TRUST_DEMO_DEV.BOOKINGS ), total_users AS ( SELECT COUNT(u.user_id) AS total FROM __users AS u ), booking_users AS ( SELECT COUNT(DISTINCT b.user_id) AS users_with_booking FROM __bookings AS b WHERE b.status = 'confirmed' ) SELECT t.total AS total_users, b.users_with_booking AS users_with_confirmed_booking, t.total - b.users_with_booking AS users_without_booking, ( t.total - b.users_with_booking ) / NULLIF(NULLIF(t.total, 0), 0) AS churn_rate FROM total_users AS",bb6a281b-96e3-440e-8bea-579af08eb022
UNCLEAR,TRUST_DEMO_SV_ONLYQ09_UNCLEAR,What is our customer churn rate?,3,200,sql,"(300, 140, Decimal('0.466667'))","This is our interpretation of your question: What is our customer churn rate? Note: The available data does not contain explicit churn events or subscription end dates. As a proxy, churn rate is interpreted as the proportion of users who have never made a confirmed booking (i.e., users with no confirmed bookings out of total registered users). This is an approximation; true churn rate typically requires subscription cancellation or inactivity data over a defined period.","WITH __users AS ( SELECT user_id FROM MISSION_OS_DB.TRUST_DEMO_DEV.USERS ), __bookings AS ( SELECT status, booking_id, user_id FROM MISSION_OS_DB.TRUST_DEMO_DEV.BOOKINGS ), user_bookings AS ( SELECT u.user_id, COUNT(CASE WHEN b.status = 'confirmed' THEN b.booking_id END) AS confirmed_bookings FROM __users AS u LEFT OUTER JOIN __bookings AS b ON b.user_id = u.user_id GROUP BY u.user_id ) SELECT COUNT(user_id) AS total_users, SUM(CASE WHEN confirmed_bookings = 0 THEN 1 ELSE 0 END) AS users_never_booked, SUM(CASE WHEN confirmed_bookings = 0 THEN 1 ELSE 0 END) / NULLIF(NULLIF(COUNT(user_id), 0), 0",4b828d74-03c8-45f5-8ceb-26b3a272ea38
UNCLEAR,TRUST_DEMO_SV_ONLYQ09_UNCLEAR,What is our customer churn rate?,4,200,sql,"(300, 166, 134, Decimal('0.553333'))","This is our interpretation of your question: What is our customer churn rate? The available data does not include explicit churn events or subscription end dates. Churn rate is typically calculated as (users who cancelled or became inactive) / (total users at start of period). Since the schema only has signup dates and subscription plans but no cancellation dates or churn flags, I will approximate churn as the proportion of users who are on the 'free' plan (i.e., never converted or downgraded) out of all registered users. Note: a true churn rate cannot be computed from the available data as th","WITH __users AS ( SELECT plan, user_id FROM MISSION_OS_DB.TRUST_DEMO_DEV.USERS ) SELECT COUNT(*) AS total_users, COUNT(CASE WHEN plan = 'free' THEN user_id END) AS free_users, COUNT(CASE WHEN plan <> 'free' THEN user_id END) AS paying_users, COUNT(CASE WHEN plan = 'free' THEN user_id END) / NULLIF(NULLIF(COUNT(*), 0), 0) AS free_user_rate FROM __users -- Generated by Cortex Analyst (request_id: 9b9334f0-fd00-4028-9c50-91a5405a0c3c) ;",9b9334f0-fd00-4028-9c50-91a5405a0c3c
UNCLEAR,TRUST_DEMO_SV_ONLYQ09_UNCLEAR,What is our customer churn rate?,5,200,sql,"(300, 140, 160, Decimal('0.466667'))","This is our interpretation of your question: What is our customer churn rate? The available data does not include explicit churn events or subscription end dates. As a proxy, I will interpret 'churn rate' as the proportion of registered users who have no confirmed bookings (i.e., users who signed up but never converted/purchased), which is the closest approximation possible with the available schema. Note: a true churn rate (users who were active and then stopped) cannot be computed without subscription end dates or activity cutoff tracking.","WITH __users AS ( SELECT user_id FROM MISSION_OS_DB.TRUST_DEMO_DEV.USERS ), __bookings AS ( SELECT status, booking_id, user_id FROM MISSION_OS_DB.TRUST_DEMO_DEV.BOOKINGS ), user_bookings AS ( SELECT u.user_id, COUNT(CASE WHEN b.status = 'confirmed' THEN b.booking_id END) AS confirmed_bookings FROM __users AS u LEFT OUTER JOIN __bookings AS b ON b.user_id = u.user_id GROUP BY u.user_id ) SELECT COUNT(user_id) AS total_users, SUM(CASE WHEN confirmed_bookings = 0 THEN 1 ELSE 0 END) AS users_with_no_bookings, SUM(CASE WHEN confirmed_bookings > 0 THEN 1 ELSE 0 END) AS users_with_bookings, SUM(CASE ",cfb7f5ab-9fd6-46c1-87c7-df4683e82770
